"Daily usage of transport by mode: Great Britain, since 1 March 2020 [notes a,b]",,,,,,,,,,,,,
"This worksheet contains 1 table. Notes are used throughout this table, please see the notes tab to find the related notes text.",,,,,,,,,,,,,
All figures are given as a percentage of the baseline equivalent day or week.,,,,,,,,,,,,,
"Annotations in this table: [x] for data not available, [z] for not applicable, [r] for revised data, [p] for provisional data.",,,,,,,,,,,,,
"Date
[note 1]",Weekday,"Cars
[note 2]","Light Commercial Vehicles
[note 2]","Heavy Goods Vehicles
[note 2]","All motor vehicles
[note 2]","National Rail
[notes 3,13, 15, 16, 17, 21, 23]","National Rail excluding Elizabeth Line [note 13, 21]","Transport for London Tube
[note 4, 20]","Transport for London Bus
[notes 4,7, 20]","Bus (excluding London)
[notes 5,11]","Cycling
[notes 6,12,18]",Revised,Notes by day
01-Mar-2020,Sun,103%,111%,108%,104%,95%,95%,103%,102%,[x],[x],[z],[note 11]
02-Mar-2020,Mon,102%,106%,103%,103%,95%,95%,93%,97%,[x],[x],[z],[note 11]
03-Mar-2020,Tue,101%,105%,102%,102%,95%,95%,94%,96%,[x],[x],[z],[note 11]
04-Mar-2020,Wed,101%,104%,103%,101%,96%,96%,93%,97%,[x],[x],[z],[note 11]
05-Mar-2020,Thu,100%,103%,102%,100%,96%,96%,90%,92%,[x],[x],[z],[note 11]
06-Mar-2020,Fri,102%,103%,102%,102%,99%,99%,90%,96%,[x],[x],[z],[note 11]
07-Mar-2020,Sat,101%,109%,108%,102%,100%,100%,91%,93%,[x],[x],[z],[note 11]
08-Mar-2020,Sun,105%,113%,112%,106%,99%,99%,85%,95%,[x],89%,[z],[note 11]
09-Mar-2020,Mon,101%,107%,104%,103%,98%,98%,88%,95%,101%,105%,[z],[z]
10-Mar-2020,Tue,99%,105%,103%,101%,97%,97%,86%,97%,102%,82%,[z],[z]
11-Mar-2020,Wed,99%,104%,103%,100%,94%,94%,84%,93%,98%,118%,[z],[z]
12-Mar-2020,Thu,98%,102%,102%,99%,92%,92%,78%,92%,98%,120%,[z],[z]
13-Mar-2020,Fri,98%,100%,102%,98%,90%,90%,71%,88%,94%,99%,[z],[z]
14-Mar-2020,Sat,93%,102%,108%,95%,88%,88%,60%,84%,85%,127%,[z],[z]
15-Mar-2020,Sun,94%,105%,112%,96%,85%,85%,52%,75%,85%,93%,[z],[z]
16-Mar-2020,Mon,96%,103%,104%,98%,81%,81%,58%,79%,88%,104%,[z],[z]
17-Mar-2020,Tue,86%,95%,103%,89%,75%,75%,42%,70%,77%,77%,[z],[z]
18-Mar-2020,Wed,80%,90%,100%,83%,68%,68%,34%,66%,62%,93%,[z],[z]
19-Mar-2020,Thu,79%,88%,100%,82%,62%,61%,28%,59%,58%,91%,[z],[z]
20-Mar-2020,Fri,78%,85%,98%,81%,55%,55%,23%,52%,53%,82%,[z],[z]
21-Mar-2020,Sat,70%,79%,102%,73%,49%,49%,12%,40%,40%,118%,[z],[z]
22-Mar-2020,Sun,66%,73%,101%,69%,47%,46%,11%,32%,35%,126%,[z],[z]
23-Mar-2020,Mon,64%,77%,97%,69%,40%,40%,14%,31%,27%,86%,[z],[z]
24-Mar-2020,Tue,44%,56%,84%,49%,36%,36%,9%,22%,17%,85%,[z],[z]
25-Mar-2020,Wed,37%,47%,77%,42%,30%,30%,7%,19%,14%,128%,[z],[z]
26-Mar-2020,Thu,35%,43%,72%,39%,26%,26%,6%,18%,13%,132%,[z],[z]
27-Mar-2020,Fri,35%,42%,69%,38%,20%,20%,5%,18%,14%,106%,[z],[z]
28-Mar-2020,Sat,27%,34%,71%,30%,19%,19%,4%,17%,12%,125%,[z],[z]
29-Mar-2020,Sun,23%,29%,72%,25%,18%,18%,4%,16%,13%,83%,[z],[z]
30-Mar-2020,Mon,33%,41%,64%,36%,17%,17%,5%,17%,12%,72%,[z],[z]
31-Mar-2020,Tue,32%,40%,62%,36%,16%,16%,5%,17%,12%,96%,[z],[z]
01-Apr-2020,Wed,32%,39%,61%,35%,15%,15%,5%,16%,11%,111%,[z],[z]
02-Apr-2020,Thu,32%,38%,60%,35%,15%,15%,5%,16%,11%,110%,[z],[z]
03-Apr-2020,Fri,34%,40%,60%,36%,18%,18%,5%,16%,12%,112%,[z],[z]
04-Apr-2020,Sat,28%,35%,66%,31%,18%,18%,4%,17%,11%,200%,[z],[z]
05-Apr-2020,Sun,25%,31%,70%,27%,18%,18%,4%,17%,12%,225%,[z],[z]
06-Apr-2020,Mon,34%,42%,61%,37%,17%,17%,5%,18%,11%,105%,[z],[z]
07-Apr-2020,Tue,33%,41%,60%,36%,16%,15%,5%,18%,11%,137%,[z],[z]
08-Apr-2020,Wed,34%,42%,62%,37%,14%,14%,4%,17%,10%,155%,[z],[z]
09-Apr-2020,Thu,36%,43%,61%,39%,13%,13%,4%,18%,12%,168%,[z],[z]
10-Apr-2020,Fri (BH),27%,27%,33%,27%,11%,11%,4%,17%,12%,179%,[z],[note 8]
11-Apr-2020,Sat,29%,35%,55%,31%,11%,11%,3%,16%,10%,288%,[z],[note 9]
12-Apr-2020,Sun,22%,27%,50%,24%,11%,11%,3%,14%,10%,248%,[z],[note 9]
13-Apr-2020,Mon (BH),23%,22%,25%,23%,10%,10%,5%,18%,12%,121%,[z],[note 8]
14-Apr-2020,Tue,35%,44%,60%,38%,10%,10%,4%,19%,12%,134%,[z],[z]
15-Apr-2020,Wed,34%,44%,63%,38%,10%,10%,4%,18%,10%,195%,[z],[z]
16-Apr-2020,Thu,34%,42%,63%,38%,10%,10%,4%,17%,11%,203%,[z],[z]
17-Apr-2020,Fri,35%,43%,63%,39%,11%,11%,5%,18%,11%,101%,[z],[z]
18-Apr-2020,Sat,31%,38%,71%,33%,11%,11%,4%,16%,11%,143%,[z],[z]
19-Apr-2020,Sun,29%,36%,73%,32%,11%,11%,[x],[x],13%,321%,[z],[z]
20-Apr-2020,Mon,38%,48%,65%,41%,12%,12%,[x],[x],12%,139%,[z],[z]
21-Apr-2020,Tue,37%,47%,64%,41%,12%,12%,[x],[x],11%,150%,[z],[z]
22-Apr-2020,Wed,37%,47%,65%,41%,11%,11%,[x],[x],11%,201%,[z],[z]
23-Apr-2020,Thu,37%,46%,64%,41%,9%,9%,[x],[x],11%,220%,[z],[z]
24-Apr-2020,Fri,39%,46%,65%,42%,9%,9%,[x],[x],12%,188%,[z],[z]
25-Apr-2020,Sat,35%,43%,71%,38%,9%,9%,[x],[x],12%,292%,[z],[z]
26-Apr-2020,Sun,32%,40%,75%,35%,9%,9%,[x],[x],13%,341%,[z],[z]
27-Apr-2020,Mon,40%,51%,68%,44%,9%,9%,[x],[x],12%,158%,[z],[z]
28-Apr-2020,Tue,38%,48%,67%,42%,8%,8%,[x],[x],11%,49%,[z],[z]
29-Apr-2020,Wed,38%,49%,68%,42%,5%,5%,[x],[x],11%,112%,[z],[z]
30-Apr-2020,Thu,39%,48%,67%,42%,6%,6%,[x],[x],11%,97%,[z],[z]
01-May-2020,Fri,40%,50%,66%,44%,5%,5%,[x],[x],12%,123%,[z],[z]
02-May-2020,Sat,38%,47%,72%,40%,5%,5%,[x],[x],12%,308%,[z],[z]
03-May-2020,Sun,34%,42%,76%,36%,5%,5%,[x],[x],13%,257%,[z],[z]
04-May-2020,Mon,42%,55%,70%,46%,5%,5%,[x],[x],12%,155%,[z],[z]
05-May-2020,Tue,42%,54%,71%,46%,5%,5%,[x],[x],12%,132%,[z],[z]
06-May-2020,Wed,43%,55%,73%,47%,9%,9%,[x],[x],12%,227%,[z],[z]
07-May-2020,Thu,45%,56%,71%,49%,10%,10%,[x],[x],13%,225%,[z],[z]
08-May-2020,Fri (BH),33%,33%,35%,34%,[x],[x],[x],[x],[x],237%,[z],"[notes 8, 15]"
09-May-2020,Sat,39%,46%,65%,41%,11%,11%,[x],[x],13%,384%,[z],[z]
10-May-2020,Sun,35%,44%,77%,37%,11%,11%,[x],[x],13%,150%,[z],[z]
11-May-2020,Mon,45%,58%,74%,49%,[x],[x],[x],[x],12%,100%,[z],[note 15]
12-May-2020,Tue,45%,59%,75%,50%,11%,11%,[x],[x],13%,144%,[z],[z]
13-May-2020,Wed,48%,61%,76%,53%,10%,10%,[x],[x],12%,152%,[z],[z]
14-May-2020,Thu,50%,60%,75%,54%,9%,9%,[x],[x],13%,210%,[z],[z]
15-May-2020,Fri,51%,61%,74%,55%,9%,9%,[x],[x],13%,174%,[z],[z]
16-May-2020,Sat,52%,64%,80%,56%,10%,10%,[x],[x],13%,282%,[z],[z]
17-May-2020,Sun,50%,63%,84%,54%,10%,10%,[x],[x],15%,306%,[z],[z]
18-May-2020,Mon,53%,67%,79%,58%,10%,10%,[x],[x],14%,164%,[z],[z]
19-May-2020,Tue,54%,67%,79%,58%,11%,11%,[x],[x],14%,168%,[z],[z]
20-May-2020,Wed,56%,67%,80%,60%,10%,10%,[x],[x],13%,231%,[z],[z]
21-May-2020,Thu,54%,66%,80%,59%,11%,11%,[x],[x],13%,224%,[z],[z]
22-May-2020,Fri,56%,67%,79%,59%,11%,11%,[x],[x],14%,121%,[z],[z]
23-May-2020,Sat,55%,68%,84%,58%,11%,11%,[x],[x],14%,161%,[z],[z]
24-May-2020,Sun,55%,67%,80%,58%,11%,11%,[x],[x],16%,264%,[z],[z]
25-May-2020,Mon (BH),50%,46%,34%,50%,11%,10%,[x],[x],19%,283%,[z],[note 8]
26-May-2020,Tue,59%,73%,81%,63%,10%,10%,[x],[x],15%,166%,[z],[z]
27-May-2020,Wed,59%,72%,84%,63%,11%,10%,[x],[x],14%,225%,[z],[z]
28-May-2020,Thu,59%,71%,83%,64%,10%,10%,[x],[x],14%,235%,[z],[z]
29-May-2020,Fri,62%,72%,83%,66%,9%,9%,[x],[x],15%,197%,[z],[z]
30-May-2020,Sat,66%,77%,92%,69%,9%,9%,[x],[x],16%,323%,[z],[z]
31-May-2020,Sun,67%,79%,94%,71%,10%,9%,[x],[x],19%,321%,[z],[z]
01-Jun-2020,Mon,65%,78%,87%,69%,10%,10%,[x],[x],17%,183%,[z],[z]
02-Jun-2020,Tue,65%,78%,84%,69%,11%,11%,[x],[x],18%,183%,[z],[z]
03-Jun-2020,Wed,59%,74%,85%,63%,12%,12%,[x],[x],15%,119%,[z],[z]
04-Jun-2020,Thu,60%,73%,85%,64%,13%,13%,[x],[x],17%,169%,[z],[z]
05-Jun-2020,Fri,62%,74%,85%,66%,14%,14%,[x],[x],17%,114%,[z],[z]
06-Jun-2020,Sat,63%,76%,90%,66%,14%,14%,[x],[x],16%,125%,[z],[z]
07-Jun-2020,Sun,63%,76%,93%,66%,14%,14%,[x],[x],19%,222%,[z],[z]
08-Jun-2020,Mon,63%,78%,87%,68%,14%,14%,[x],[x],18%,164%,[z],[z]
09-Jun-2020,Tue,64%,79%,88%,69%,14%,14%,[x],[x],19%,169%,[z],[z]
10-Jun-2020,Wed,61%,77%,88%,66%,13%,13%,[x],[x],17%,125%,[z],[z]
11-Jun-2020,Thu,61%,75%,88%,66%,13%,13%,[x],[x],17%,124%,[z],[z]
12-Jun-2020,Fri,64%,76%,87%,67%,13%,13%,[x],[x],18%,113%,[z],[z]
13-Jun-2020,Sat,73%,85%,93%,76%,13%,13%,[x],[x],19%,286%,[z],[z]
14-Jun-2020,Sun,74%,86%,97%,77%,14%,13%,[x],[x],21%,304%,[z],[z]
15-Jun-2020,Mon,70%,84%,92%,74%,14%,14%,[x],[x],21%,168%,[z],[z]
16-Jun-2020,Tue,68%,82%,91%,72%,14%,14%,[x],[x],21%,145%,[z],[z]
17-Jun-2020,Wed,67%,81%,92%,72%,15%,14%,[x],[x],20%,167%,[z],[z]
18-Jun-2020,Thu,65%,79%,89%,69%,15%,15%,[x],[x],19%,95%,[z],[z]
19-Jun-2020,Fri,70%,82%,90%,74%,15%,15%,[x],[x],21%,118%,[z],[z]
20-Jun-2020,Sat,83%,93%,97%,86%,16%,15%,[x],[x],24%,286%,[z],[z]
21-Jun-2020,Sun,81%,90%,95%,83%,16%,15%,[x],[x],24%,186%,[z],[z]
22-Jun-2020,Mon,72%,87%,93%,77%,16%,16%,[x],[x],23%,179%,[z],[z]
23-Jun-2020,Tue,74%,87%,94%,78%,16%,16%,[x],[x],23%,180%,[z],[z]
24-Jun-2020,Wed,76%,88%,94%,80%,17%,17%,[x],[x],22%,201%,[z],[z]
25-Jun-2020,Thu,76%,86%,92%,80%,18%,18%,[x],[x],23%,243%,[z],[z]
26-Jun-2020,Fri,74%,84%,91%,78%,18%,18%,[x],[x],22%,147%,[z],[z]
27-Jun-2020,Sat,75%,88%,97%,78%,18%,18%,[x],[x],23%,127%,[z],[z]
28-Jun-2020,Sun,76%,90%,99%,79%,18%,18%,[x],[x],26%,180%,[z],[z]
29-Jun-2020,Mon,72%,88%,96%,77%,18%,18%,16%,34%,24%,93%,[z],[z]
30-Jun-2020,Tue,73%,88%,96%,77%,18%,18%,15%,33%,26%,125%,[z],[z]
01-Jul-2020,Wed,73%,88%,97%,78%,19%,19%,16%,34%,24%,155%,[z],[z]
02-Jul-2020,Thu,73%,86%,96%,77%,19%,19%,15%,33%,25%,155%,[z],[z]
03-Jul-2020,Fri,75%,87%,96%,79%,20%,19%,17%,35%,25%,114%,[z],[z]
04-Jul-2020,Sat,82%,95%,101%,84%,20%,20%,19%,39%,29%,178%,[z],[z]
05-Jul-2020,Sun,84%,98%,105%,87%,20%,20%,20%,40%,32%,176%,[z],[z]
06-Jul-2020,Mon,79%,93%,97%,83%,21%,20%,19%,38%,29%,138%,[z],[z]
07-Jul-2020,Tue,76%,91%,97%,80%,21%,21%,19%,37%,29%,109%,[z],[z]
08-Jul-2020,Wed,75%,89%,97%,79%,21%,20%,18%,37%,27%,100%,[z],[z]
09-Jul-2020,Thu,76%,89%,96%,80%,21%,21%,18%,37%,28%,112%,[z],[z]
10-Jul-2020,Fri,83%,93%,96%,86%,21%,21%,20%,40%,30%,133%,[z],[z]
11-Jul-2020,Sat,90%,101%,104%,93%,22%,22%,23%,46%,34%,232%,[z],[z]
12-Jul-2020,Sun,95%,108%,111%,99%,22%,22%,23%,46%,37%,253%,[z],[z]
13-Jul-2020,Mon,80%,94%,98%,84%,23%,22%,20%,42%,31%,110%,[z],[z]
14-Jul-2020,Tue,79%,93%,98%,83%,23%,23%,20%,41%,32%,125%,[z],[z]
15-Jul-2020,Wed,79%,93%,98%,83%,23%,23%,20%,41%,31%,127%,[z],[z]
16-Jul-2020,Thu,81%,92%,98%,85%,23%,23%,21%,42%,32%,164%,[z],[z]
17-Jul-2020,Fri,86%,94%,97%,89%,24%,24%,24%,45%,33%,134%,[z],[z]
18-Jul-2020,Sat,91%,103%,104%,94%,24%,24%,28%,50%,37%,186%,[z],[z]
19-Jul-2020,Sun,95%,108%,111%,98%,24%,24%,23%,44%,41%,195%,[z],[z]
20-Jul-2020,Mon,85%,97%,99%,88%,25%,25%,22%,46%,33%,144%,[z],[z]
21-Jul-2020,Tue,83%,95%,98%,87%,25%,25%,22%,45%,34%,133%,[z],[z]
22-Jul-2020,Wed,82%,94%,98%,85%,26%,26%,23%,47%,32%,151%,[z],[z]
23-Jul-2020,Thu,81%,91%,95%,84%,27%,26%,25%,49%,33%,137%,[z],[z]
24-Jul-2020,Fri,88%,96%,97%,90%,26%,26%,26%,49%,35%,130%,[z],[z]
25-Jul-2020,Sat,90%,102%,105%,92%,26%,26%,28%,52%,38%,116%,[z],[z]
26-Jul-2020,Sun,96%,111%,112%,100%,27%,26%,28%,51%,44%,207%,[z],[z]
27-Jul-2020,Mon,80%,93%,96%,83%,27%,26%,24%,46%,31%,66%,[z],[z]
28-Jul-2020,Tue,82%,95%,97%,86%,27%,27%,25%,51%,37%,114%,[z],[z]
29-Jul-2020,Wed,84%,94%,96%,87%,28%,28%,25%,49%,35%,159%,[z],[z]
30-Jul-2020,Thu,86%,94%,96%,88%,29%,29%,25%,50%,36%,175%,[z],[z]
31-Jul-2020,Fri,92%,97%,95%,93%,30%,30%,27%,50%,37%,124%,[z],[z]
01-Aug-2020,Sat,97%,107%,106%,99%,32%,31%,31%,55%,42%,189%,[z],[z]
02-Aug-2020,Sun,99%,114%,114%,103%,32%,32%,28%,56%,47%,188%,[z],[z]
03-Aug-2020,Mon,88%,98%,97%,90%,32%,32%,26%,52%,37%,125%,[z],[z]
04-Aug-2020,Tue,83%,95%,98%,87%,33%,33%,26%,51%,37%,105%,[z],[z]
05-Aug-2020,Wed,84%,96%,98%,87%,31%,31%,27%,52%,37%,120%,[z],[z]
06-Aug-2020,Thu,85%,93%,96%,88%,33%,33%,26%,50%,37%,157%,[z],[z]
07-Aug-2020,Fri,89%,96%,96%,91%,33%,33%,27%,51%,37%,126%,[z],[z]
08-Aug-2020,Sat,98%,108%,108%,101%,33%,33%,31%,55%,45%,202%,[z],[z]
09-Aug-2020,Sun,101%,115%,116%,105%,33%,33%,30%,52%,49%,189%,[z],[z]
10-Aug-2020,Mon,90%,100%,100%,93%,33%,33%,28%,54%,39%,122%,[z],[z]
11-Aug-2020,Tue,86%,97%,99%,89%,34%,33%,27%,50%,40%,119%,[z],[z]
12-Aug-2020,Wed,86%,97%,99%,89%,34%,34%,27%,54%,37%,129%,[z],[z]
13-Aug-2020,Thu,85%,94%,98%,88%,32%,32%,26%,49%,37%,125%,[z],[z]
14-Aug-2020,Fri,89%,97%,98%,92%,32%,32%,29%,54%,39%,96%,[z],[z]
15-Aug-2020,Sat,96%,107%,107%,98%,32%,32%,32%,55%,46%,135%,[z],[z]
16-Aug-2020,Sun,95%,110%,115%,98%,32%,32%,31%,55%,48%,132%,[z],[z]
17-Aug-2020,Mon,88%,100%,100%,91%,32%,32%,29%,54%,41%,103%,[z],[z]
18-Aug-2020,Tue,86%,98%,99%,89%,32%,32%,30%,55%,43%,108%,[z],[z]
19-Aug-2020,Wed,84%,95%,97%,87%,32%,32%,29%,52%,39%,82%,[z],[z]
20-Aug-2020,Thu,89%,98%,98%,92%,34%,33%,30%,56%,43%,184%,[z],[z]
21-Aug-2020,Fri,89%,96%,95%,91%,33%,33%,32%,55%,39%,62%,[z],[z]
22-Aug-2020,Sat,97%,109%,108%,99%,33%,33%,35%,60%,48%,143%,[z],[z]
23-Aug-2020,Sun,99%,115%,116%,103%,33%,33%,34%,59%,51%,167%,[z],[z]
24-Aug-2020,Mon,92%,102%,99%,94%,33%,33%,32%,58%,45%,114%,[z],[z]
25-Aug-2020,Tue,82%,93%,95%,85%,33%,33%,34%,57%,38%,44%,[z],[note 10]
26-Aug-2020,Wed,90%,100%,99%,93%,36%,36%,35%,59%,44%,121%,[z],[z]
27-Aug-2020,Thu,87%,96%,98%,89%,35%,35%,31%,54%,41%,94%,[z],[z]
28-Aug-2020,Fri,92%,98%,97%,93%,37%,36%,34%,56%,43%,66%,[z],[z]
29-Aug-2020,Sat,98%,109%,107%,101%,37%,37%,41%,62%,53%,133%,[z],[z]
30-Aug-2020,Sun,102%,116%,107%,105%,37%,37%,39%,60%,59%,178%,[z],[z]
31-Aug-2020,Mon (BH),86%,74%,46%,82%,39%,38%,45%,70%,54%,132%,[z],[note 8]
01-Sep-2020,Tue,91%,101%,99%,94%,39%,39%,33%,55%,49%,115%,[z],[z]
02-Sep-2020,Wed,87%,98%,103%,90%,37%,37%,34%,52%,45%,107%,[z],[z]
03-Sep-2020,Thu,87%,97%,102%,90%,38%,38%,33%,54%,48%,126%,[z],[z]
04-Sep-2020,Fri,93%,101%,102%,95%,39%,39%,36%,57%,50%,106%,[z],[z]
05-Sep-2020,Sat,100%,113%,116%,103%,39%,39%,41%,62%,54%,175%,[z],[z]
06-Sep-2020,Sun,101%,117%,120%,104%,40%,39%,40%,60%,56%,177%,[z],[z]
07-Sep-2020,Mon,90%,103%,104%,94%,39%,38%,34%,59%,54%,99%,[z],[z]
08-Sep-2020,Tue,88%,101%,104%,92%,39%,39%,34%,59%,57%,111%,[z],[z]
09-Sep-2020,Wed,89%,102%,104%,93%,39%,39%,34%,59%,55%,142%,[z],[z]
10-Sep-2020,Thu,89%,100%,102%,92%,38%,38%,35%,59%,56%,143%,[z],[z]
11-Sep-2020,Fri,94%,103%,103%,96%,38%,38%,36%,60%,55%,99%,[z],[z]
12-Sep-2020,Sat,98%,112%,113%,101%,38%,38%,39%,60%,54%,168%,[z],[z]
13-Sep-2020,Sun,103%,121%,123%,107%,39%,38%,40%,60%,58%,195%,[z],[z]
14-Sep-2020,Mon,93%,105%,105%,97%,39%,38%,34%,59%,58%,122%,[z],[z]
15-Sep-2020,Tue,89%,102%,102%,93%,39%,39%,33%,58%,59%,117%,[z],[z]
16-Sep-2020,Wed,89%,102%,105%,93%,39%,39%,35%,58%,56%,133%,[z],[z]
17-Sep-2020,Thu,90%,100%,103%,93%,39%,39%,34%,59%,58%,154%,[z],[z]
18-Sep-2020,Fri,95%,103%,103%,97%,38%,38%,36%,60%,57%,119%,[z],[z]
19-Sep-2020,Sat,99%,114%,114%,102%,37%,37%,41%,59%,55%,167%,[z],[z]
20-Sep-2020,Sun,102%,121%,125%,106%,37%,37%,39%,62%,58%,182%,[z],[z]
21-Sep-2020,Mon,92%,105%,106%,96%,37%,37%,34%,59%,59%,125%,[z],[z]
22-Sep-2020,Tue,88%,102%,104%,92%,37%,37%,34%,60%,60%,122%,[z],[z]
23-Sep-2020,Wed,85%,100%,105%,89%,38%,38%,33%,57%,54%,81%,[z],[z]
24-Sep-2020,Thu,86%,100%,104%,90%,38%,38%,33%,57%,56%,116%,[z],[z]
25-Sep-2020,Fri,91%,102%,103%,94%,39%,39%,35%,59%,56%,87%,[z],[z]
26-Sep-2020,Sat,95%,110%,116%,98%,39%,38%,41%,58%,54%,123%,[z],[z]
27-Sep-2020,Sun,96%,114%,124%,100%,38%,38%,40%,58%,58%,137%,[z],[z]
28-Sep-2020,Mon,89%,104%,107%,93%,38%,38%,33%,58%,57%,114%,[z],[z]
29-Sep-2020,Tue,87%,101%,105%,91%,38%,38%,33%,59%,61%,104%,[z],[z]
30-Sep-2020,Wed,84%,100%,105%,88%,37%,37%,33%,58%,55%,86%,[z],[z]
01-Oct-2020,Thu,86%,98%,105%,89%,37%,37%,33%,58%,59%,129%,[z],[z]
02-Oct-2020,Fri,87%,99%,102%,90%,37%,36%,33%,55%,55%,60%,[z],[z]
03-Oct-2020,Sat,85%,100%,111%,87%,36%,36%,38%,55%,47%,60%,[z],[z]
04-Oct-2020,Sun,86%,102%,116%,89%,36%,36%,36%,53%,55%,70%,[z],[z]
05-Oct-2020,Mon,86%,103%,106%,91%,36%,36%,32%,60%,59%,95%,[z],[z]
06-Oct-2020,Tue,84%,100%,105%,88%,36%,35%,33%,59%,60%,84%,[z],[z]
07-Oct-2020,Wed,86%,101%,106%,90%,36%,35%,34%,60%,58%,127%,[z],[z]
08-Oct-2020,Thu,84%,98%,104%,88%,36%,35%,33%,58%,57%,109%,[z],[z]
09-Oct-2020,Fri,88%,100%,104%,91%,36%,35%,35%,61%,57%,95%,[z],[z]
10-Oct-2020,Sat,91%,107%,114%,94%,36%,36%,42%,62%,53%,126%,[z],[z]
11-Oct-2020,Sun,94%,113%,122%,98%,36%,36%,40%,62%,58%,166%,[z],[z]
12-Oct-2020,Mon,85%,102%,106%,89%,36%,35%,33%,60%,56%,79%,[z],[z]
13-Oct-2020,Tue,83%,100%,105%,88%,36%,35%,33%,58%,58%,117%,[z],[z]
14-Oct-2020,Wed,84%,99%,106%,88%,34%,34%,34%,59%,56%,142%,[z],[z]
15-Oct-2020,Thu,84%,99%,104%,88%,34%,34%,35%,60%,57%,115%,[z],[z]
16-Oct-2020,Fri,88%,100%,104%,91%,33%,33%,37%,61%,56%,102%,[z],[z]
17-Oct-2020,Sat,88%,106%,114%,92%,33%,33%,36%,58%,51%,138%,[z],[z]
18-Oct-2020,Sun,88%,108%,124%,93%,32%,32%,38%,57%,55%,154%,[z],[z]
19-Oct-2020,Mon,85%,102%,107%,89%,32%,32%,31%,58%,56%,92%,[z],[z]
20-Oct-2020,Tue,83%,99%,105%,87%,32%,32%,31%,56%,58%,76%,[z],[z]
21-Oct-2020,Wed,80%,97%,105%,85%,33%,33%,31%,54%,52%,62%,[z],[z]
22-Oct-2020,Thu,84%,97%,106%,88%,33%,33%,32%,58%,56%,106%,[z],[z]
23-Oct-2020,Fri,86%,98%,104%,90%,34%,33%,34%,57%,52%,74%,[z],[z]
24-Oct-2020,Sat,84%,103%,114%,88%,34%,33%,38%,60%,47%,83%,[z],[z]
25-Oct-2020,Sun,87%,105%,118%,91%,34%,33%,36%,57%,55%,126%,[z],[z]
26-Oct-2020,Mon,83%,98%,105%,87%,34%,33%,32%,51%,45%,74%,[z],[z]
27-Oct-2020,Tue,79%,95%,103%,83%,33%,33%,31%,48%,44%,50%,[z],[z]
28-Oct-2020,Wed,81%,96%,104%,85%,33%,32%,32%,49%,44%,81%,[z],[z]
29-Oct-2020,Thu,78%,92%,102%,82%,32%,32%,32%,46%,42%,69%,[z],[z]
30-Oct-2020,Fri,83%,93%,101%,86%,33%,32%,34%,52%,47%,75%,[z],[z]
31-Oct-2020,Sat,83%,99%,109%,86%,33%,33%,39%,60%,47%,79%,[z],[z]
01-Nov-2020,Sun,86%,106%,115%,89%,33%,33%,39%,60%,54%,83%,[z],[z]
02-Nov-2020,Mon,87%,104%,107%,92%,34%,34%,36%,61%,59%,70%,[z],[z]
03-Nov-2020,Tue,88%,103%,106%,92%,35%,34%,39%,63%,63%,70%,[z],[z]
04-Nov-2020,Wed,92%,107%,107%,96%,35%,35%,42%,65%,62%,110%,[z],[z]
05-Nov-2020,Thu,67%,86%,104%,73%,34%,34%,22%,47%,44%,106%,[z],[z]
06-Nov-2020,Fri,67%,84%,104%,72%,32%,32%,22%,47%,43%,95%,[z],[z]
07-Nov-2020,Sat,61%,78%,110%,65%,30%,29%,16%,41%,31%,172%,[z],[z]
08-Nov-2020,Sun,57%,72%,109%,60%,29%,28%,16%,37%,32%,118%,[z],[z]
09-Nov-2020,Mon,70%,90%,106%,76%,27%,27%,23%,50%,48%,76%,[z],[z]
10-Nov-2020,Tue,70%,89%,104%,76%,25%,25%,23%,50%,49%,78%,[z],[z]
11-Nov-2020,Wed,69%,89%,105%,75%,23%,22%,22%,48%,46%,95%,[z],[z]
12-Nov-2020,Thu,70%,86%,103%,76%,23%,23%,22%,49%,48%,111%,[z],[z]
13-Nov-2020,Fri,71%,86%,103%,76%,22%,22%,22%,50%,46%,89%,[z],[z]
14-Nov-2020,Sat,61%,77%,106%,65%,22%,22%,17%,38%,32%,72%,[z],[z]
15-Nov-2020,Sun,60%,76%,108%,63%,22%,22%,19%,38%,35%,91%,[z],[z]
16-Nov-2020,Mon,71%,92%,106%,78%,22%,22%,24%,50%,48%,82%,[z],[z]
17-Nov-2020,Tue,71%,90%,104%,77%,23%,22%,23%,49%,49%,80%,[z],[z]
18-Nov-2020,Wed,70%,89%,105%,76%,23%,23%,23%,49%,45%,77%,[z],[z]
19-Nov-2020,Thu,71%,88%,104%,77%,24%,23%,22%,49%,48%,99%,[z],[z]
20-Nov-2020,Fri,71%,88%,105%,76%,24%,24%,22%,49%,45%,67%,[z],[z]
21-Nov-2020,Sat,63%,81%,111%,68%,25%,24%,18%,43%,33%,130%,[z],[z]
22-Nov-2020,Sun,64%,81%,114%,68%,25%,24%,19%,42%,36%,174%,[z],[z]
23-Nov-2020,Mon,72%,93%,107%,78%,25%,24%,24%,50%,48%,78%,[z],[z]
24-Nov-2020,Tue,71%,91%,106%,77%,25%,24%,24%,49%,49%,73%,[z],[z]
25-Nov-2020,Wed,70%,89%,106%,76%,24%,24%,23%,49%,46%,80%,[z],[z]
26-Nov-2020,Thu,71%,88%,106%,76%,24%,24%,23%,49%,47%,107%,[z],[z]
27-Nov-2020,Fri,72%,88%,106%,77%,24%,24%,22%,47%,45%,76%,[z],[z]
28-Nov-2020,Sat,65%,83%,117%,69%,24%,24%,19%,42%,35%,112%,[z],[z]
29-Nov-2020,Sun,64%,81%,120%,68%,24%,24%,19%,40%,37%,134%,[z],[z]
30-Nov-2020,Mon,73%,95%,109%,80%,25%,24%,25%,50%,49%,66%,[z],[z]
01-Dec-2020,Tue,73%,93%,107%,79%,25%,25%,25%,51%,52%,77%,[z],[z]
02-Dec-2020,Wed,77%,96%,106%,83%,26%,26%,31%,57%,55%,94%,[z],[z]
03-Dec-2020,Thu,78%,95%,105%,82%,27%,26%,31%,55%,54%,63%,[z],[z]
04-Dec-2020,Fri,79%,95%,105%,84%,28%,27%,35%,59%,53%,73%,[z],[z]
05-Dec-2020,Sat,81%,101%,120%,85%,29%,29%,41%,58%,50%,108%,[z],[z]
06-Dec-2020,Sun,78%,99%,125%,82%,30%,30%,39%,56%,51%,84%,[z],[z]
07-Dec-2020,Mon,82%,102%,110%,87%,31%,30%,33%,57%,57%,72%,[z],[z]
08-Dec-2020,Tue,80%,99%,109%,86%,31%,31%,34%,59%,57%,68%,[z],[z]
09-Dec-2020,Wed,80%,99%,109%,86%,32%,32%,34%,57%,55%,86%,[z],[z]
10-Dec-2020,Thu,80%,97%,107%,85%,32%,32%,35%,58%,56%,87%,[z],[z]
11-Dec-2020,Fri,82%,98%,108%,87%,32%,31%,37%,58%,55%,77%,[z],[z]
12-Dec-2020,Sat,84%,103%,121%,88%,32%,32%,44%,60%,52%,112%,[z],[z]
13-Dec-2020,Sun,76%,96%,123%,80%,32%,32%,38%,55%,49%,51%,[z],[z]
14-Dec-2020,Mon,83%,102%,111%,89%,32%,31%,35%,58%,57%,77%,[z],[z]
15-Dec-2020,Tue,83%,101%,109%,88%,32%,32%,39%,61%,58%,77%,[z],[z]
16-Dec-2020,Wed,80%,98%,109%,85%,32%,32%,29%,53%,51%,76%,[z],[z]
17-Dec-2020,Thu,82%,98%,109%,87%,31%,31%,30%,55%,56%,104%,[z],[z]
18-Dec-2020,Fri,81%,94%,107%,85%,32%,32%,30%,52%,49%,59%,[z],[z]
19-Dec-2020,Sat,87%,103%,128%,90%,31%,31%,33%,55%,52%,97%,[z],[z]
20-Dec-2020,Sun,80%,97%,136%,83%,30%,29%,19%,42%,53%,121%,[z],[z]
21-Dec-2020,Mon,78%,91%,100%,81%,27%,27%,22%,44%,42%,50%,[z],[z]
22-Dec-2020,Tue,78%,89%,94%,81%,25%,25%,16%,38%,43%,65%,[z],[z]
23-Dec-2020,Wed,78%,85%,80%,80%,23%,22%,15%,37%,38%,50%,[z],[z]
24-Dec-2020,Thu,70%,63%,41%,67%,20%,20%,23%,47%,29%,83%,[z],[note 9]
25-Dec-2020,Fri (BH),36%,24%,3%,32%,[x],[x],[x],[x],[x],27%,[z],"[notes 8, 15]"
26-Dec-2020,Sat,43%,41%,28%,42%,[x],[x],16%,38%,[x],72%,[z],"[notes 9, 11, 15]"
27-Dec-2020,Sun,58%,68%,85%,60%,[x],[x],14%,35%,37%,93%,[z],"[notes 9, 15]"
28-Dec-2020,Mon (BH),48%,44%,31%,46%,[x],[x],14%,34%,[x],55%,[z],"[notes 8, 15]"
29-Dec-2020,Tue,53%,55%,52%,53%,[x],[x],20%,46%,28%,50%,[z],"[notes 9, 15]"
30-Dec-2020,Wed,58%,59%,55%,58%,[x],[x],21%,47%,28%,68%,[z],"[notes 9, 15]"
31-Dec-2020,Thu,50%,48%,37%,48%,[x],[x],17%,43%,22%,53%,[z],"[notes 9, 15]"
01-Jan-2021,Fri (BH),29%,23%,10%,27%,[x],[x],12%,38%,[x],38%,[z],"[notes 8, 15]"
02-Jan-2021,Sat,52%,59%,65%,53%,[x],[x],16%,35%,25%,85%,[z],"[notes 9, 15]"
03-Jan-2021,Sun,55%,68%,90%,57%,[x],[x],19%,37%,30%,86%,[z],"[notes 9, 15]"
04-Jan-2021,Mon,60%,77%,80%,65%,[x],[x],20%,36%,29%,64%,[z],"[notes 9, 15]"
05-Jan-2021,Tue,56%,74%,87%,61%,[x],[x],18%,33%,26%,54%,[z],"[notes 9, 15]"
06-Jan-2021,Wed,54%,73%,90%,60%,[x],[x],17%,33%,24%,69%,[z],"[notes 9, 15]"
07-Jan-2021,Thu,53%,71%,90%,59%,[x],[x],16%,32%,24%,59%,[z],"[notes 9, 15]"
08-Jan-2021,Fri,52%,70%,90%,58%,[x],[x],17%,32%,24%,47%,[z],"[notes 9, 15]"
09-Jan-2021,Sat,48%,65%,96%,52%,[x],[x],14%,33%,23%,87%,[z],[note 15]
10-Jan-2021,Sun,46%,61%,97%,50%,[x],[x],14%,32%,25%,95%,[z],[note 15]
11-Jan-2021,Mon,56%,79%,97%,63%,[x],[x],17%,32%,26%,70%,[z],[note 15]
12-Jan-2021,Tue,55%,76%,96%,62%,[x],[x],16%,31%,26%,60%,[z],[note 15]
13-Jan-2021,Wed,54%,75%,96%,61%,13%,13%,16%,30%,24%,63%,[z],[z]
14-Jan-2021,Thu,50%,69%,91%,56%,12%,12%,15%,30%,21%,41%,[z],[z]
15-Jan-2021,Fri,54%,71%,91%,59%,14%,14%,16%,32%,25%,58%,[z],[z]
16-Jan-2021,Sat,47%,62%,93%,51%,14%,14%,12%,31%,22%,66%,[z],[z]
17-Jan-2021,Sun,48%,63%,96%,52%,15%,15%,14%,34%,27%,152%,[z],[z]
18-Jan-2021,Mon,57%,79%,98%,63%,15%,15%,17%,32%,27%,82%,[z],[z]
19-Jan-2021,Tue,55%,76%,96%,61%,15%,15%,16%,32%,26%,51%,[z],[z]
20-Jan-2021,Wed,53%,74%,95%,60%,14%,13%,16%,31%,23%,50%,[z],[z]
21-Jan-2021,Thu,54%,74%,93%,61%,14%,14%,16%,32%,25%,82%,[z],[z]
22-Jan-2021,Fri,57%,75%,94%,63%,14%,14%,16%,33%,27%,87%,[z],[z]
23-Jan-2021,Sat,52%,70%,96%,56%,14%,14%,13%,35%,24%,117%,[z],[z]
24-Jan-2021,Sun,41%,59%,95%,45%,14%,14%,13%,31%,25%,43%,[z],[z]
25-Jan-2021,Mon,54%,77%,94%,61%,14%,14%,17%,34%,26%,44%,[z],[z]
26-Jan-2021,Tue,55%,77%,96%,62%,14%,14%,16%,32%,26%,40%,[z],[z]
27-Jan-2021,Wed,57%,78%,97%,63%,16%,15%,16%,32%,26%,84%,[z],[z]
28-Jan-2021,Thu,56%,76%,95%,63%,15%,15%,17%,27%,26%,85%,[z],[z]
29-Jan-2021,Fri,59%,77%,94%,65%,15%,15%,17%,33%,27%,76%,[z],[z]
30-Jan-2021,Sat,53%,71%,96%,57%,15%,14%,14%,33%,24%,72%,[z],[z]
31-Jan-2021,Sun,52%,68%,99%,55%,15%,15%,16%,36%,27%,104%,[z],[z]
01-Feb-2021,Mon,59%,81%,98%,66%,15%,15%,18%,34%,28%,63%,[z],[z]
02-Feb-2021,Tue,54%,75%,95%,61%,15%,15%,17%,34%,24%,46%,[z],[z]
03-Feb-2021,Wed,57%,78%,98%,64%,15%,15%,17%,33%,26%,84%,[z],[z]
04-Feb-2021,Thu,58%,77%,96%,64%,15%,15%,17%,33%,27%,90%,[z],[z]
05-Feb-2021,Fri,60%,78%,97%,66%,15%,15%,18%,36%,28%,87%,[z],[z]
06-Feb-2021,Sat,56%,74%,99%,60%,15%,15%,16%,35%,25%,121%,[z],[z]
07-Feb-2021,Sun,48%,65%,98%,52%,15%,15%,19%,40%,26%,60%,[z],[z]
08-Feb-2021,Mon,54%,77%,95%,61%,15%,15%,18%,33%,25%,42%,[z],[z]
09-Feb-2021,Tue,53%,75%,93%,59%,15%,15%,17%,32%,25%,37%,[z],[z]
10-Feb-2021,Wed,55%,77%,95%,62%,15%,15%,18%,34%,26%,54%,[z],[z]
11-Feb-2021,Thu,58%,78%,95%,64%,15%,15%,18%,34%,27%,47%,[z],[z]
12-Feb-2021,Fri,61%,79%,96%,67%,15%,15%,18%,35%,27%,41%,[z],[z]
13-Feb-2021,Sat,58%,77%,101%,62%,16%,15%,19%,40%,25%,60%,[z],[z]
14-Feb-2021,Sun,52%,68%,99%,55%,16%,15%,19%,40%,26%,61%,[z],[z]
15-Feb-2021,Mon,61%,83%,100%,68%,16%,15%,19%,34%,28%,90%,[z],[z]
16-Feb-2021,Tue,60%,82%,99%,67%,16%,16%,18%,33%,28%,59%,[z],[z]
17-Feb-2021,Wed,60%,82%,99%,67%,15%,15%,18%,34%,26%,78%,[z],[z]
18-Feb-2021,Thu,60%,80%,99%,66%,15%,15%,18%,34%,27%,91%,[z],[z]
19-Feb-2021,Fri,61%,78%,97%,66%,15%,15%,19%,35%,27%,66%,[z],[z]
20-Feb-2021,Sat,59%,77%,101%,63%,15%,15%,21%,40%,27%,132%,[z],[z]
21-Feb-2021,Sun,58%,75%,103%,62%,16%,15%,20%,39%,30%,165%,[z],[z]
22-Feb-2021,Mon,63%,86%,102%,70%,16%,16%,20%,35%,30%,75%,[z],[z]
23-Feb-2021,Tue,62%,84%,100%,69%,16%,16%,20%,35%,30%,71%,[z],[z]
24-Feb-2021,Wed,63%,84%,101%,69%,18%,18%,20%,35%,28%,87%,[z],[z]
25-Feb-2021,Thu,64%,83%,101%,70%,17%,17%,19%,36%,30%,113%,[z],[z]
26-Feb-2021,Fri,68%,85%,100%,73%,17%,17%,21%,40%,32%,117%,[z],[z]
27-Feb-2021,Sat,66%,83%,106%,70%,18%,17%,21%,44%,31%,204%,[z],[z]
28-Feb-2021,Sun,65%,81%,106%,69%,18%,17%,20%,41%,34%,198%,[z],[z]
01-Mar-2021,Mon,66%,89%,104%,73%,18%,17%,20%,37%,31%,81%,[z],[z]
02-Mar-2021,Tue,65%,87%,102%,72%,18%,17%,20%,36%,31%,76%,[z],[z]
03-Mar-2021,Wed,64%,86%,103%,71%,17%,17%,19%,35%,29%,80%,[z],[z]
04-Mar-2021,Thu,64%,84%,102%,70%,18%,18%,19%,36%,30%,90%,[z],[z]
05-Mar-2021,Fri,68%,85%,102%,73%,18%,17%,20%,37%,31%,87%,[z],[z]
06-Mar-2021,Sat,66%,86%,108%,70%,18%,17%,19%,39%,30%,152%,[z],[z]
07-Mar-2021,Sun,64%,82%,108%,68%,18%,18%,19%,41%,32%,168%,[z],[z]
08-Mar-2021,Mon,70%,93%,105%,77%,18%,18%,23%,44%,38%,87%,[z],[z]
09-Mar-2021,Tue,70%,91%,102%,76%,19%,19%,23%,48%,42%,107%,[z],[z]
10-Mar-2021,Wed,67%,89%,103%,74%,20%,20%,22%,44%,38%,68%,[z],[z]
11-Mar-2021,Thu,68%,88%,100%,74%,21%,20%,23%,47%,41%,79%,[z],[z]
12-Mar-2021,Fri,73%,91%,102%,78%,22%,22%,23%,49%,42%,84%,[z],[z]
13-Mar-2021,Sat,71%,90%,109%,75%,22%,22%,20%,43%,32%,98%,[z],[z]
14-Mar-2021,Sun,73%,88%,105%,76%,22%,22%,19%,41%,34%,117%,[z],[z]
15-Mar-2021,Mon,72%,94%,105%,78%,23%,22%,25%,49%,46%,89%,[z],[z]
16-Mar-2021,Tue,71%,92%,104%,77%,23%,22%,24%,49%,46%,76%,[z],[z]
17-Mar-2021,Wed,71%,92%,104%,77%,22%,22%,24%,49%,44%,112%,[z],[z]
18-Mar-2021,Thu,71%,89%,103%,76%,22%,22%,23%,49%,45%,103%,[z],[z]
19-Mar-2021,Fri,73%,90%,101%,78%,22%,22%,25%,50%,44%,88%,[z],[z]
20-Mar-2021,Sat,68%,86%,107%,72%,23%,22%,20%,41%,33%,163%,[z],[z]
21-Mar-2021,Sun,66%,83%,106%,70%,23%,22%,21%,40%,35%,180%,[z],[z]
22-Mar-2021,Mon,73%,95%,106%,80%,23%,23%,25%,50%,47%,99%,[z],[z]
23-Mar-2021,Tue,72%,94%,105%,78%,23%,23%,25%,49%,47%,82%,[z],[z]
24-Mar-2021,Wed,73%,94%,105%,79%,24%,23%,25%,49%,44%,100%,[z],[z]
25-Mar-2021,Thu,73%,92%,105%,79%,24%,23%,24%,49%,45%,111%,[z],[z]
26-Mar-2021,Fri,75%,92%,105%,80%,25%,25%,24%,48%,43%,62%,[z],[z]
27-Mar-2021,Sat,73%,92%,113%,77%,25%,25%,23%,44%,35%,169%,[z],[z]
28-Mar-2021,Sun,65%,82%,110%,69%,25%,25%,21%,41%,33%,95%,[z],[z]
29-Mar-2021,Mon,78%,99%,108%,84%,25%,25%,27%,51%,42%,100%,[z],[z]
30-Mar-2021,Tue,81%,99%,108%,87%,26%,25%,30%,53%,45%,121%,[z],[z]
31-Mar-2021,Wed,81%,99%,110%,86%,25%,25%,28%,50%,42%,129%,[z],[z]
01-Apr-2021,Thu,83%,99%,104%,88%,26%,26%,27%,55%,43%,104%,[z],[z]
02-Apr-2021,Fri (BH),69%,66%,52%,68%,25%,25%,29%,49%,35%,100%,[z],[note 8]
03-Apr-2021,Sat,82%,95%,85%,84%,26%,26%,26%,47%,35%,137%,[z],[note 9]
04-Apr-2021,Sun,78%,88%,75%,80%,26%,26%,31%,48%,34%,153%,[z],[note 9]
05-Apr-2021,Mon (BH),63%,57%,37%,60%,27%,27%,29%,47%,33%,60%,[z],[note 8]
06-Apr-2021,Tue,75%,95%,98%,80%,26%,27%,26%,47%,36%,58%,[z],[z]
07-Apr-2021,Wed,75%,94%,102%,80%,28%,28%,26%,44%,33%,76%,[z],[z]
08-Apr-2021,Thu,74%,92%,103%,80%,27%,27%,26%,46%,34%,96%,[z],[z]
09-Apr-2021,Fri,76%,92%,104%,80%,27%,27%,27%,48%,34%,77%,[z],[z]
10-Apr-2021,Sat,79%,99%,116%,83%,27%,27%,25%,45%,34%,113%,[z],[z]
11-Apr-2021,Sun,81%,102%,114%,85%,27%,27%,29%,46%,38%,142%,[z],[z]
12-Apr-2021,Mon,86%,105%,106%,91%,28%,27%,36%,60%,51%,80%,[z],[z]
13-Apr-2021,Tue,83%,101%,105%,88%,29%,29%,33%,59%,52%,88%,[z],[z]
14-Apr-2021,Wed,84%,101%,106%,89%,30%,30%,34%,57%,49%,108%,[z],[z]
15-Apr-2021,Thu,84%,100%,104%,88%,32%,32%,34%,52%,51%,101%,[z],[z]
16-Apr-2021,Fri,88%,101%,104%,92%,34%,33%,37%,57%,51%,88%,[z],[z]
17-Apr-2021,Sat,94%,111%,112%,98%,36%,36%,44%,59%,52%,152%,[z],[z]
18-Apr-2021,Sun,94%,116%,118%,99%,37%,37%,42%,58%,54%,155%,[z],[z]
19-Apr-2021,Mon,88%,106%,107%,93%,38%,38%,34%,67%,59%,94%,[z],[z]
20-Apr-2021,Tue,86%,104%,106%,91%,39%,38%,39%,63%,61%,95%,[z],[z]
21-Apr-2021,Wed,86%,103%,107%,90%,36%,36%,35%,60%,57%,105%,[z],[z]
22-Apr-2021,Thu,87%,101%,106%,91%,35%,35%,36%,59%,60%,124%,[z],[z]
23-Apr-2021,Fri,90%,104%,105%,94%,34%,34%,38%,58%,59%,101%,[z],[z]
24-Apr-2021,Sat,96%,112%,114%,99%,34%,34%,47%,60%,56%,162%,[z],[z]
25-Apr-2021,Sun,95%,115%,118%,100%,34%,33%,43%,57%,57%,143%,[z],[z]
26-Apr-2021,Mon,88%,107%,108%,94%,33%,33%,35%,59%,61%,86%,[z],[z]
27-Apr-2021,Tue,86%,105%,108%,91%,33%,33%,35%,58%,62%,82%,[z],[z]
28-Apr-2021,Wed,86%,105%,108%,91%,36%,36%,35%,57%,58%,83%,[z],[z]
29-Apr-2021,Thu,87%,104%,107%,92%,36%,36%,36%,58%,60%,115%,[z],[z]
30-Apr-2021,Fri,93%,107%,107%,96%,37%,36%,39%,60%,61%,89%,[z],[z]
01-May-2021,Sat,96%,113%,112%,100%,37%,37%,48%,59%,58%,132%,[z],[z]
02-May-2021,Sun,96%,114%,103%,100%,37%,37%,45%,56%,63%,140%,[z],[z]
03-May-2021,Mon (BH),72%,66%,42%,68%,38%,38%,49%,60%,54%,49%,[z],[note 8]
04-May-2021,Tue,86%,106%,104%,91%,38%,39%,37%,58%,61%,64%,[z],[z]
05-May-2021,Wed,87%,105%,108%,91%,37%,37%,36%,60%,60%,104%,[z],[z]
06-May-2021,Thu,87%,103%,108%,91%,39%,39%,37%,59%,60%,114%,[z],[z]
07-May-2021,Fri,91%,105%,108%,95%,41%,41%,40%,60%,61%,106%,[z],[z]
08-May-2021,Sat,84%,103%,112%,88%,40%,40%,41%,54%,44%,62%,[z],[z]
09-May-2021,Sun,92%,113%,119%,96%,40%,40%,48%,58%,60%,146%,[z],[z]
10-May-2021,Mon,88%,108%,110%,93%,39%,39%,37%,60%,61%,79%,[z],[z]
11-May-2021,Tue,87%,106%,108%,92%,38%,38%,38%,60%,64%,83%,[z],[z]
12-May-2021,Wed,88%,106%,108%,92%,40%,40%,38%,60%,60%,112%,[z],[z]
13-May-2021,Thu,86%,103%,106%,91%,37%,37%,37%,56%,60%,92%,[z],[z]
14-May-2021,Fri,91%,106%,106%,95%,37%,37%,40%,60%,60%,101%,[z],[z]
15-May-2021,Sat,93%,112%,113%,96%,38%,38%,47%,59%,54%,94%,[z],[z]
16-May-2021,Sun,93%,114%,120%,97%,38%,38%,40%,58%,58%,107%,[z],[z]
17-May-2021,Mon,91%,110%,109%,96%,38%,38%,41%,61%,63%,80%,[z],[z]
18-May-2021,Tue,90%,107%,107%,94%,39%,39%,41%,61%,66%,79%,[z],[z]
19-May-2021,Wed,91%,108%,108%,95%,37%,37%,43%,62%,63%,96%,[z],[z]
20-May-2021,Thu,89%,105%,106%,93%,41%,41%,44%,62%,61%,87%,[z],[z]
21-May-2021,Fri,93%,107%,105%,97%,42%,41%,47%,63%,59%,60%,[z],[z]
22-May-2021,Sat,98%,116%,116%,102%,42%,42%,61%,64%,62%,114%,[z],[z]
23-May-2021,Sun,99%,119%,121%,103%,43%,43%,51%,64%,64%,96%,[z],[z]
24-May-2021,Mon,92%,111%,109%,97%,43%,43%,41%,61%,62%,67%,[z],[z]
25-May-2021,Tue,89%,107%,107%,94%,43%,43%,42%,61%,65%,71%,[z],[z]
26-May-2021,Wed,91%,108%,108%,95%,44%,44%,44%,63%,62%,104%,[z],[z]
27-May-2021,Thu,94%,108%,107%,98%,45%,45%,46%,64%,65%,128%,[z],[z]
28-May-2021,Fri,101%,113%,107%,104%,44%,44%,50%,64%,64%,83%,[z],[z]
29-May-2021,Sat,106%,122%,118%,109%,45%,44%,64%,70%,66%,133%,[z],[z]
30-May-2021,Sun,109%,127%,110%,113%,45%,45%,62%,69%,80%,132%,[z],[z]
31-May-2021,Mon (BH),91%,78%,45%,86%,48%,47%,62%,75%,73%,110%,[z],[note 8]
01-Jun-2021,Tue,96%,109%,103%,99%,49%,49%,45%,57%,58%,87%,[z],[z]
02-Jun-2021,Wed,93%,106%,106%,97%,51%,51%,45%,56%,54%,106%,[z],[z]
03-Jun-2021,Thu,93%,105%,105%,96%,51%,51%,46%,55%,55%,106%,[z],[z]
04-Jun-2021,Fri,95%,105%,103%,98%,53%,53%,46%,53%,54%,79%,[z],[z]
05-Jun-2021,Sat,105%,121%,122%,109%,52%,52%,56%,70%,65%,147%,[z],[z]
06-Jun-2021,Sun,108%,130%,127%,113%,52%,52%,52%,65%,70%,137%,[z],[z]
07-Jun-2021,Mon,95%,111%,109%,99%,49%,49%,42%,65%,63%,95%,[z],[z]
08-Jun-2021,Tue,92%,108%,107%,97%,49%,49%,44%,62%,67%,101%,[z],[z]
09-Jun-2021,Wed,92%,109%,108%,97%,47%,47%,45%,63%,63%,121%,[z],[z]
10-Jun-2021,Thu,92%,106%,107%,96%,47%,47%,45%,64%,64%,125%,[z],[z]
11-Jun-2021,Fri,98%,110%,107%,101%,47%,47%,47%,64%,63%,89%,[z],[z]
12-Jun-2021,Sat,103%,118%,117%,106%,48%,48%,60%,67%,66%,154%,[z],[z]
13-Jun-2021,Sun,107%,126%,125%,111%,48%,48%,61%,68%,75%,153%,[z],[z]
14-Jun-2021,Mon,95%,111%,109%,99%,48%,48%,42%,62%,63%,90%,[z],[z]
15-Jun-2021,Tue,93%,109%,108%,97%,49%,48%,43%,63%,67%,101%,[z],[z]
16-Jun-2021,Wed,93%,109%,108%,97%,48%,48%,45%,63%,63%,126%,[z],[z]
17-Jun-2021,Thu,92%,106%,107%,96%,48%,48%,45%,61%,63%,101%,[z],[z]
18-Jun-2021,Fri,96%,107%,104%,98%,48%,48%,48%,60%,61%,62%,[z],[z]
19-Jun-2021,Sat,102%,118%,116%,105%,47%,47%,54%,64%,65%,159%,[z],[z]
20-Jun-2021,Sun,106%,125%,120%,109%,46%,46%,50%,63%,68%,98%,[z],[z]
21-Jun-2021,Mon,93%,109%,108%,97%,46%,46%,43%,61%,61%,68%,[z],[z]
22-Jun-2021,Tue,91%,108%,108%,96%,46%,46%,46%,64%,66%,89%,[z],[z]
23-Jun-2021,Wed,92%,108%,109%,96%,47%,46%,46%,64%,62%,123%,[z],[z]
24-Jun-2021,Thu,93%,108%,108%,97%,47%,47%,47%,64%,63%,113%,[z],[z]
25-Jun-2021,Fri,98%,110%,106%,101%,46%,46%,49%,64%,61%,83%,[z],[z]
26-Jun-2021,Sat,103%,119%,118%,106%,46%,46%,63%,65%,65%,146%,[z],[z]
27-Jun-2021,Sun,106%,129%,130%,110%,47%,47%,52%,62%,70%,110%,[z],[z]
28-Jun-2021,Mon,94%,110%,110%,98%,47%,47%,44%,62%,61%,73%,[z],[z]
29-Jun-2021,Tue,90%,105%,107%,94%,47%,47%,42%,62%,63%,83%,[z],[z]
30-Jun-2021,Wed,93%,108%,108%,97%,48%,48%,42%,63%,60%,107%,[z],[z]
01-Jul-2021,Thu,94%,108%,107%,98%,49%,49%,42%,64%,62%,131%,[z],[z]
02-Jul-2021,Fri,98%,109%,105%,101%,50%,50%,43%,64%,61%,97%,[z],[z]
03-Jul-2021,Sat,99%,115%,113%,102%,49%,49%,51%,66%,61%,104%,[z],[z]
04-Jul-2021,Sun,103%,123%,124%,107%,49%,49%,47%,64%,68%,117%,[z],[z]
05-Jul-2021,Mon,93%,110%,108%,98%,49%,49%,41%,63%,60%,88%,[z],[z]
06-Jul-2021,Tue,89%,106%,106%,93%,49%,48%,44%,61%,60%,70%,[z],[z]
07-Jul-2021,Wed,89%,104%,106%,93%,47%,47%,45%,65%,59%,96%,[z],[z]
08-Jul-2021,Thu,92%,104%,105%,95%,47%,46%,42%,64%,61%,117%,[z],[z]
09-Jul-2021,Fri,97%,108%,105%,100%,46%,46%,44%,65%,60%,90%,[z],[z]
10-Jul-2021,Sat,101%,119%,117%,105%,46%,46%,53%,67%,63%,116%,[z],[z]
11-Jul-2021,Sun,103%,123%,122%,107%,47%,47%,66%,74%,71%,141%,[z],[z]
12-Jul-2021,Mon,91%,102%,103%,94%,47%,47%,38%,62%,55%,65%,[z],[z]
13-Jul-2021,Tue,90%,106%,106%,95%,46%,46%,40%,65%,62%,89%,[z],[z]
14-Jul-2021,Wed,91%,106%,107%,96%,45%,45%,42%,65%,59%,116%,[z],[z]
15-Jul-2021,Thu,92%,105%,106%,96%,46%,46%,43%,65%,60%,120%,[z],[z]
16-Jul-2021,Fri,98%,108%,104%,101%,46%,46%,46%,68%,59%,101%,[z],[z]
17-Jul-2021,Sat,104%,119%,116%,107%,46%,46%,54%,72%,64%,154%,[z],[z]
18-Jul-2021,Sun,109%,130%,127%,114%,46%,46%,51%,68%,74%,145%,[z],[z]
19-Jul-2021,Mon,95%,109%,107%,99%,47%,47%,40%,66%,55%,95%,[z],[z]
20-Jul-2021,Tue,91%,105%,105%,95%,47%,47%,41%,65%,57%,89%,[z],[z]
21-Jul-2021,Wed,92%,106%,105%,96%,48%,48%,43%,68%,54%,111%,[z],[z]
22-Jul-2021,Thu,93%,105%,105%,97%,49%,49%,48%,71%,54%,118%,[z],[z]
23-Jul-2021,Fri,97%,106%,102%,100%,48%,48%,47%,70%,55%,95%,[z],[z]
24-Jul-2021,Sat,102%,118%,115%,105%,48%,48%,55%,71%,62%,111%,[z],[z]
25-Jul-2021,Sun,107%,128%,127%,111%,48%,48%,50%,64%,72%,106%,[z],[z]
26-Jul-2021,Mon,94%,108%,104%,98%,48%,48%,41%,63%,55%,96%,[z],[z]
27-Jul-2021,Tue,89%,103%,104%,92%,49%,49%,44%,66%,55%,71%,[z],[z]
28-Jul-2021,Wed,89%,104%,104%,93%,51%,51%,45%,62%,52%,78%,[z],[z]
29-Jul-2021,Thu,92%,103%,103%,95%,52%,52%,49%,67%,55%,108%,[z],[z]
30-Jul-2021,Fri,94%,104%,101%,97%,54%,54%,49%,65%,52%,56%,[z],[z]
31-Jul-2021,Sat,105%,120%,117%,108%,55%,55%,55%,74%,66%,119%,[z],[z]
01-Aug-2021,Sun,109%,130%,128%,113%,55%,55%,53%,73%,75%,114%,[z],[z]
02-Aug-2021,Mon,95%,107%,104%,98%,56%,56%,44%,66%,55%,88%,[z],[z]
03-Aug-2021,Tue,92%,105%,103%,96%,57%,57%,45%,65%,59%,85%,[z],[z]
04-Aug-2021,Wed,93%,104%,104%,96%,55%,55%,46%,67%,56%,116%,[z],[z]
05-Aug-2021,Thu,91%,102%,102%,94%,55%,55%,45%,66%,54%,83%,[z],[z]
06-Aug-2021,Fri,95%,105%,100%,97%,54%,55%,47%,68%,53%,59%,[z],[z]
07-Aug-2021,Sat,102%,118%,114%,105%,54%,54%,59%,69%,64%,87%,[z],[z]
08-Aug-2021,Sun,105%,126%,125%,109%,53%,53%,58%,66%,71%,75%,[z],[z]
09-Aug-2021,Mon,94%,108%,104%,98%,53%,53%,43%,68%,55%,67%,[z],[z]
10-Aug-2021,Tue,94%,106%,103%,97%,53%,53%,47%,69%,60%,94%,[z],[z]
11-Aug-2021,Wed,93%,105%,103%,96%,53%,53%,49%,73%,56%,100%,[z],[z]
12-Aug-2021,Thu,95%,105%,102%,97%,53%,53%,47%,67%,59%,106%,[z],[z]
13-Aug-2021,Fri,96%,106%,100%,99%,54%,54%,51%,71%,58%,80%,[z],[z]
14-Aug-2021,Sat,106%,121%,116%,109%,56%,56%,64%,75%,70%,131%,[z],[z]
15-Aug-2021,Sun,111%,132%,128%,115%,56%,56%,64%,77%,79%,128%,[z],[z]
16-Aug-2021,Mon,96%,109%,104%,99%,57%,57%,47%,67%,57%,79%,[z],[z]
17-Aug-2021,Tue,91%,105%,104%,95%,57%,57%,48%,66%,59%,70%,[z],[z]
18-Aug-2021,Wed,93%,106%,105%,96%,57%,57%,50%,68%,57%,92%,[z],[z]
19-Aug-2021,Thu,93%,104%,103%,96%,57%,57%,51%,66%,58%,100%,[z],[z]
20-Aug-2021,Fri,97%,106%,101%,99%,55%,56%,54%,69%,59%,87%,[z],[z]
21-Aug-2021,Sat,103%,121%,117%,106%,55%,55%,58%,74%,64%,81%,[z],[z]
22-Aug-2021,Sun,110%,132%,129%,114%,56%,56%,62%,76%,77%,168%,[z],[z]
23-Aug-2021,Mon,96%,108%,105%,99%,56%,56%,48%,68%,58%,89%,[z],[z]
24-Aug-2021,Tue,94%,105%,105%,97%,56%,56%,54%,71%,61%,88%,[z],[z]
25-Aug-2021,Wed,94%,106%,105%,97%,58%,58%,53%,69%,59%,112%,[z],[z]
26-Aug-2021,Thu,95%,105%,105%,98%,59%,59%,53%,68%,59%,111%,[z],[z]
27-Aug-2021,Fri,98%,106%,101%,100%,61%,61%,55%,69%,60%,87%,[z],[z]
28-Aug-2021,Sat,106%,120%,116%,109%,62%,62%,73%,78%,74%,132%,[z],[z]
29-Aug-2021,Sun,108%,127%,116%,112%,61%,61%,69%,76%,85%,123%,[z],[z]
30-Aug-2021,Mon (BH),88%,79%,49%,84%,64%,64%,65%,77%,[x],77%,[z],[note 8]
31-Aug-2021,Tue,94%,108%,103%,97%,64%,64%,49%,65%,62%,74%,[z],[z]
01-Sep-2021,Wed,92%,106%,107%,96%,61%,61%,53%,62%,59%,95%,[z],[z]
02-Sep-2021,Thu,92%,104%,105%,95%,62%,62%,53%,65%,62%,103%,[z],[z]
03-Sep-2021,Fri,97%,107%,104%,100%,62%,62%,54%,69%,63%,90%,[z],[z]
04-Sep-2021,Sat,104%,122%,122%,108%,62%,62%,65%,77%,71%,137%,[z],[z]
05-Sep-2021,Sun,111%,133%,133%,116%,62%,62%,72%,78%,80%,160%,[z],[z]
06-Sep-2021,Mon,96%,110%,109%,100%,61%,61%,50%,71%,69%,98%,[z],[z]
07-Sep-2021,Tue,94%,109%,107%,99%,61%,61%,51%,70%,74%,100%,[z],[z]
08-Sep-2021,Wed,94%,108%,108%,98%,62%,62%,52%,71%,70%,117%,[z],[z]
09-Sep-2021,Thu,92%,107%,106%,96%,61%,61%,53%,70%,71%,96%,[z],[z]
10-Sep-2021,Fri,99%,110%,105%,101%,61%,61%,53%,70%,72%,82%,[z],[z]
11-Sep-2021,Sat,107%,125%,120%,111%,62%,62%,65%,75%,73%,137%,[z],[z]
12-Sep-2021,Sun,110%,135%,132%,115%,62%,62%,60%,74%,80%,153%,[z],[z]
13-Sep-2021,Mon,96%,112%,109%,100%,62%,62%,50%,71%,74%,93%,[z],[z]
14-Sep-2021,Tue,92%,108%,107%,96%,62%,62%,52%,67%,75%,57%,[z],[z]
15-Sep-2021,Wed,94%,110%,108%,98%,61%,61%,54%,71%,75%,111%,[z],[z]
16-Sep-2021,Thu,95%,108%,107%,98%,61%,61%,54%,72%,77%,120%,[z],[z]
17-Sep-2021,Fri,100%,111%,106%,102%,59%,59%,54%,72%,75%,92%,[z],[z]
18-Sep-2021,Sat,107%,125%,119%,111%,59%,59%,67%,76%,75%,130%,[z],[z]
19-Sep-2021,Sun,109%,135%,135%,114%,59%,59%,64%,78%,82%,126%,[z],[z]
20-Sep-2021,Mon,97%,113%,110%,101%,59%,59%,52%,71%,77%,97%,[z],[z]
21-Sep-2021,Tue,94%,110%,109%,98%,59%,59%,55%,73%,80%,93%,[z],[z]
22-Sep-2021,Wed,94%,110%,109%,98%,62%,62%,58%,72%,75%,105%,[z],[z]
23-Sep-2021,Thu,94%,109%,109%,98%,62%,62%,57%,72%,77%,105%,[z],[z]
24-Sep-2021,Fri,100%,110%,106%,102%,65%,65%,58%,74%,75%,95%,[z],[z]
25-Sep-2021,Sat,102%,120%,118%,106%,66%,66%,75%,78%,78%,128%,[z],[z]
26-Sep-2021,Sun,105%,129%,132%,110%,66%,66%,79%,83%,89%,137%,[z],[z]
27-Sep-2021,Mon,91%,106%,107%,95%,66%,66%,55%,71%,75%,71%,[z],[z]
28-Sep-2021,Tue,86%,103%,107%,91%,67%,67%,57%,74%,81%,64%,[z],[z]
29-Sep-2021,Wed,88%,106%,107%,93%,65%,65%,58%,74%,80%,106%,[z],[z]
30-Sep-2021,Thu,88%,104%,107%,92%,66%,66%,59%,74%,77%,86%,[z],[z]
01-Oct-2021,Fri,93%,106%,105%,96%,66%,66%,57%,74%,78%,76%,[z],[z]
02-Oct-2021,Sat,94%,114%,116%,98%,65%,65%,68%,72%,70%,73%,[z],[z]
03-Oct-2021,Sun,100%,124%,127%,104%,65%,65%,80%,82%,88%,107%,[z],[z]
04-Oct-2021,Mon,91%,109%,109%,96%,65%,65%,53%,73%,80%,84%,[z],[z]
05-Oct-2021,Tue,88%,107%,108%,93%,65%,65%,56%,74%,80%,64%,[z],[z]
06-Oct-2021,Wed,90%,107%,108%,95%,64%,64%,58%,75%,79%,103%,[z],[z]
07-Oct-2021,Thu,91%,106%,108%,95%,64%,64%,58%,74%,80%,112%,[z],[z]
08-Oct-2021,Fri,95%,107%,106%,98%,64%,64%,57%,77%,79%,89%,[z],[z]
09-Oct-2021,Sat,102%,122%,120%,106%,64%,64%,73%,83%,79%,126%,[z],[z]
10-Oct-2021,Sun,106%,130%,127%,111%,63%,63%,71%,80%,87%,125%,[z],[z]
11-Oct-2021,Mon,94%,111%,110%,98%,63%,63%,54%,75%,80%,83%,[z],[z]
12-Oct-2021,Tue,91%,108%,109%,96%,63%,63%,59%,73%,82%,75%,[z],[z]
13-Oct-2021,Wed,91%,109%,110%,96%,61%,62%,59%,74%,78%,96%,[z],[z]
14-Oct-2021,Thu,92%,107%,108%,96%,62%,62%,61%,75%,80%,101%,[z],[z]
15-Oct-2021,Fri,97%,109%,106%,100%,59%,60%,60%,77%,79%,83%,[z],[z]
16-Oct-2021,Sat,101%,121%,117%,105%,60%,60%,70%,79%,78%,113%,[z],[z]
17-Oct-2021,Sun,103%,126%,125%,107%,60%,60%,74%,78%,86%,97%,[z],[z]
18-Oct-2021,Mon,91%,110%,109%,96%,60%,60%,55%,73%,76%,74%,[z],[z]
19-Oct-2021,Tue,89%,107%,107%,93%,60%,60%,58%,72%,79%,62%,[z],[z]
20-Oct-2021,Wed,89%,106%,107%,93%,63%,63%,59%,73%,75%,76%,[z],[z]
21-Oct-2021,Thu,91%,106%,106%,95%,63%,63%,61%,74%,78%,102%,[z],[z]
22-Oct-2021,Fri,95%,108%,105%,98%,66%,66%,61%,74%,73%,77%,[z],[z]
23-Oct-2021,Sat,102%,122%,118%,106%,65%,65%,75%,83%,76%,103%,[z],[z]
24-Oct-2021,Sun,102%,125%,123%,106%,65%,65%,67%,77%,83%,91%,[z],[z]
25-Oct-2021,Mon,92%,108%,106%,96%,65%,65%,56%,66%,66%,76%,[z],[z]
26-Oct-2021,Tue,89%,105%,105%,93%,66%,65%,61%,66%,68%,70%,[z],[z]
27-Oct-2021,Wed,90%,105%,106%,94%,64%,64%,61%,66%,64%,77%,[z],[z]
28-Oct-2021,Thu,90%,103%,103%,93%,64%,64%,63%,66%,66%,79%,[z],[z]
29-Oct-2021,Fri,92%,104%,102%,95%,64%,64%,61%,68%,64%,54%,[z],[z]
30-Oct-2021,Sat,100%,119%,116%,104%,65%,65%,80%,86%,75%,84%,[z],[z]
31-Oct-2021,Sun,100%,124%,120%,104%,64%,64%,68%,78%,80%,55%,[z],[z]
01-Nov-2021,Mon,91%,110%,109%,96%,64%,64%,57%,72%,75%,63%,[z],[z]
02-Nov-2021,Tue,90%,110%,106%,95%,64%,64%,61%,73%,83%,72%,[z],[z]
03-Nov-2021,Wed,90%,110%,107%,95%,64%,64%,62%,73%,78%,90%,[z],[z]
04-Nov-2021,Thu,91%,109%,107%,96%,64%,64%,63%,74%,80%,101%,[z],[z]
05-Nov-2021,Fri,94%,108%,105%,98%,64%,64%,62%,76%,79%,82%,[z],[z]
06-Nov-2021,Sat,97%,117%,113%,100%,64%,64%,76%,85%,74%,98%,[z],[z]
07-Nov-2021,Sun,102%,125%,124%,106%,65%,65%,75%,82%,86%,102%,[z],[z]
08-Nov-2021,Mon,92%,111%,110%,96%,65%,65%,56%,74%,79%,85%,[z],[z]
09-Nov-2021,Tue,90%,109%,109%,95%,65%,65%,60%,76%,84%,79%,[z],[z]
10-Nov-2021,Wed,90%,109%,109%,95%,63%,63%,61%,74%,79%,94%,[z],[z]
11-Nov-2021,Thu,90%,107%,107%,95%,63%,63%,61%,76%,81%,104%,[z],[z]
12-Nov-2021,Fri,93%,108%,106%,97%,60%,60%,62%,78%,78%,63%,[z],[z]
13-Nov-2021,Sat,99%,118%,115%,102%,60%,60%,82%,80%,80%,118%,[z],[z]
14-Nov-2021,Sun,101%,125%,122%,105%,60%,60%,77%,77%,85%,110%,[z],[z]
15-Nov-2021,Mon,91%,112%,111%,96%,61%,61%,57%,74%,80%,79%,[z],[z]
16-Nov-2021,Tue,90%,110%,109%,95%,61%,61%,61%,77%,83%,72%,[z],[z]
17-Nov-2021,Wed,90%,110%,109%,95%,64%,64%,62%,76%,79%,93%,[z],[z]
18-Nov-2021,Thu,90%,108%,108%,94%,64%,65%,63%,77%,81%,105%,[z],[z]
19-Nov-2021,Fri,93%,108%,106%,97%,69%,69%,62%,77%,80%,78%,[z],[z]
20-Nov-2021,Sat,98%,119%,117%,102%,69%,69%,75%,82%,80%,108%,[z],[z]
21-Nov-2021,Sun,102%,128%,125%,107%,70%,70%,76%,81%,88%,92%,[z],[z]
22-Nov-2021,Mon,92%,112%,111%,97%,70%,70%,57%,75%,80%,76%,[z],[z]
23-Nov-2021,Tue,91%,110%,109%,95%,70%,70%,61%,76%,84%,71%,[z],[z]
24-Nov-2021,Wed,90%,110%,110%,95%,67%,67%,62%,75%,79%,87%,[z],[z]
25-Nov-2021,Thu,92%,109%,109%,96%,67%,67%,63%,76%,82%,87%,[z],[z]
26-Nov-2021,Fri,93%,109%,107%,97%,67%,67%,45%,80%,77%,58%,[z],[z]
27-Nov-2021,Sat,89%,113%,114%,93%,65%,65%,72%,76%,67%,47%,[z],[note 10]
28-Nov-2021,Sun,95%,123%,127%,100%,65%,65%,76%,78%,83%,72%,[z],[z]
29-Nov-2021,Mon,89%,111%,110%,94%,64%,64%,57%,73%,75%,87%,[z],[z]
30-Nov-2021,Tue,90%,112%,110%,95%,64%,64%,59%,75%,83%,69%,[z],[z]
01-Dec-2021,Wed,90%,111%,110%,95%,64%,64%,60%,76%,77%,75%,[z],[z]
02-Dec-2021,Thu,90%,107%,109%,94%,64%,64%,61%,76%,80%,102%,[z],[z]
03-Dec-2021,Fri,92%,108%,108%,96%,63%,63%,60%,77%,78%,85%,[z],[z]
04-Dec-2021,Sat,96%,117%,119%,100%,63%,63%,75%,79%,76%,89%,[z],[z]
05-Dec-2021,Sun,100%,126%,128%,104%,64%,64%,73%,76%,86%,73%,[z],[z]
06-Dec-2021,Mon,92%,112%,112%,97%,63%,63%,56%,73%,77%,74%,[z],[z]
07-Dec-2021,Tue,87%,108%,110%,92%,63%,63%,59%,74%,75%,68%,[z],[z]
08-Dec-2021,Wed,89%,109%,109%,94%,62%,62%,61%,75%,75%,85%,[z],[z]
09-Dec-2021,Thu,91%,109%,109%,95%,62%,62%,63%,78%,81%,115%,[z],[z]
10-Dec-2021,Fri,93%,108%,107%,97%,59%,59%,60%,77%,79%,80%,[z],[z]
11-Dec-2021,Sat,96%,116%,117%,99%,59%,59%,74%,79%,77%,92%,[z],[z]
12-Dec-2021,Sun,98%,120%,124%,102%,59%,59%,70%,78%,87%,88%,[z],[z]
13-Dec-2021,Mon,91%,110%,112%,96%,58%,58%,51%,73%,78%,76%,[z],[z]
14-Dec-2021,Tue,90%,110%,111%,95%,56%,57%,50%,73%,80%,78%,[z],[z]
15-Dec-2021,Wed,90%,109%,109%,95%,57%,57%,50%,72%,77%,91%,[z],[z]
16-Dec-2021,Thu,90%,106%,107%,94%,56%,55%,49%,73%,77%,102%,[z],[z]
17-Dec-2021,Fri,91%,104%,104%,94%,57%,57%,49%,75%,74%,78%,[z],[z]
18-Dec-2021,Sat,96%,113%,115%,99%,55%,55%,51%,80%,74%,100%,[z],[z]
19-Dec-2021,Sun,97%,118%,127%,101%,54%,54%,60%,73%,83%,74%,[z],[z]
20-Dec-2021,Mon,90%,105%,106%,94%,52%,52%,55%,70%,62%,75%,[z],[z]
21-Dec-2021,Tue,89%,102%,102%,92%,51%,50%,40%,59%,62%,70%,[z],[z]
22-Dec-2021,Wed,90%,100%,92%,92%,47%,47%,38%,57%,56%,72%,[z],[z]
23-Dec-2021,Thu,92%,92%,74%,90%,46%,45%,37%,59%,55%,127%,[z],[z]
24-Dec-2021,Fri,77%,68%,38%,73%,42%,42%,51%,73%,39%,98%,[z],[note 9]
25-Dec-2021,Sat,50%,44%,8%,48%,[x],[x],[x],[x],[x],51%,[z],"[notes 8, 9, 15]"
26-Dec-2021,Sun,74%,78%,40%,74%,[x],[x],50%,67%,[x],59%,[z],"[notes 8, 9, 15]"
27-Dec-2021,Mon (BH),72%,60%,26%,67%,[x],[x],42%,56%,[x],46%,[z],"[notes 8, 15]"
28-Dec-2021,Tue (BH),70%,59%,31%,65%,[x],[x],47%,61%,[x],44%,[z],"[notes 8, 15]"
29-Dec-2021,Wed,73%,69%,51%,70%,[x],[x],56%,75%,42%,64%,[z],"[notes 9, 15]"
30-Dec-2021,Thu,74%,69%,51%,72%,[x],[x],58%,78%,45%,73%,[z],"[notes 9, 15]"
31-Dec-2021,Fri,68%,61%,37%,65%,[x],[x],54%,77%,39%,70%,[z],"[notes 9, 15]"
01-Jan-2022,Sat,58%,59%,25%,57%,[x],[x],53%,82%,[x],80%,[z],"[notes 8, 9, 15]"
02-Jan-2022,Sun,82%,97%,78%,85%,[x],[x],66%,72%,63%,82%,[z],"[notes 9, 15]"
03-Jan-2022,Mon (BH),64%,57%,30%,60%,[x],[x],35%,55%,[x],69%,[z],"[notes 8, 9, 15]"
04-Jan-2022,Tue,75%,87%,76%,77%,[x],[x],39%,59%,57%,62%,[z],"[notes 9, 15]"
05-Jan-2022,Wed,77%,92%,90%,80%,[x],[x],43%,66%,60%,91%,[z],"[notes 9, 15]"
06-Jan-2022,Thu,75%,91%,93%,79%,[x],[x],41%,67%,60%,96%,[z],"[notes 9, 15]"
07-Jan-2022,Fri,77%,92%,94%,81%,[x],[x],44%,67%,61%,91%,[z],"[notes 9, 15]"
08-Jan-2022,Sat,79%,96%,97%,82%,[x],[x],56%,66%,54%,78%,[z],"[notes 9, 15]"
09-Jan-2022,Sun,85%,105%,103%,88%,[x],[x],64%,75%,68%,125%,[z],"[notes 9, 15]"
10-Jan-2022,Mon,82%,103%,102%,87%,[x],[x],43%,68%,68%,86%,[z],"[notes 9, 15]"
11-Jan-2022,Tue,82%,102%,101%,87%,[x],[x],43%,69%,71%,79%,[z],[note 15]
12-Jan-2022,Wed,83%,102%,101%,88%,42%,42%,47%,70%,69%,105%,[z],[z]
13-Jan-2022,Thu,83%,100%,100%,87%,41%,41%,46%,70%,70%,112%,[z],[z]
14-Jan-2022,Fri,85%,101%,98%,88%,51%,51%,49%,72%,70%,83%,[z],[z]
15-Jan-2022,Sat,88%,107%,99%,91%,52%,52%,58%,75%,66%,108%,[z],[z]
16-Jan-2022,Sun,89%,112%,106%,93%,56%,56%,60%,76%,73%,127%,[z],[z]
17-Jan-2022,Mon,86%,106%,105%,91%,57%,56%,46%,71%,72%,93%,[z],[z]
18-Jan-2022,Tue,83%,104%,103%,88%,57%,56%,47%,71%,72%,79%,[z],[z]
19-Jan-2022,Wed,83%,103%,103%,88%,53%,53%,48%,72%,70%,109%,[z],[z]
20-Jan-2022,Thu,84%,102%,101%,88%,54%,53%,50%,73%,71%,106%,[z],[z]
21-Jan-2022,Fri,85%,102%,101%,89%,54%,54%,50%,73%,71%,87%,[z],[z]
22-Jan-2022,Sat,90%,110%,104%,93%,54%,54%,64%,76%,69%,118%,[z],[z]
23-Jan-2022,Sun,90%,113%,106%,94%,54%,54%,68%,76%,[x],101%,[z],[note 8]
24-Jan-2022,Mon,85%,106%,105%,90%,55%,54%,48%,72%,[x],94%,[z],[note 8]
25-Jan-2022,Tue,85%,105%,103%,90%,55%,55%,51%,71%,[x],81%,[z],[note 8]
26-Jan-2022,Wed,85%,104%,104%,90%,57%,57%,52%,72%,[x],105%,[z],[note 8]
27-Jan-2022,Thu,86%,103%,103%,90%,58%,58%,54%,61%,74%,129%,[z],[z]
28-Jan-2022,Fri,88%,102%,102%,91%,58%,58%,54%,74%,73%,101%,[z],[z]
29-Jan-2022,Sat,91%,109%,105%,94%,59%,59%,70%,79%,69%,106%,[z],[z]
30-Jan-2022,Sun,94%,117%,111%,98%,59%,59%,70%,81%,80%,120%,[z],[z]
31-Jan-2022,Mon,87%,106%,105%,92%,60%,60%,53%,74%,74%,92%,[z],[z]
01-Feb-2022,Tue,86%,104%,103%,91%,61%,61%,56%,75%,77%,92%,[z],[z]
02-Feb-2022,Wed,86%,105%,103%,91%,62%,62%,56%,75%,74%,116%,[z],[z]
03-Feb-2022,Thu,86%,102%,102%,90%,63%,63%,58%,75%,76%,124%,[z],[z]
04-Feb-2022,Fri,88%,103%,102%,92%,60%,60%,57%,75%,74%,85%,[z],[z]
05-Feb-2022,Sat,90%,109%,104%,94%,61%,60%,77%,77%,69%,117%,[z],[z]
06-Feb-2022,Sun,91%,112%,110%,94%,61%,61%,91%,95%,75%,69%,[z],[z]
07-Feb-2022,Mon,88%,109%,106%,93%,61%,61%,55%,75%,77%,110%,[z],[z]
08-Feb-2022,Tue,88%,107%,104%,93%,61%,61%,59%,75%,80%,102%,[z],[z]
09-Feb-2022,Wed,89%,107%,105%,93%,64%,63%,60%,76%,76%,124%,[z],[z]
10-Feb-2022,Thu,88%,106%,103%,92%,64%,64%,61%,78%,78%,121%,[z],[z]
11-Feb-2022,Fri,91%,107%,101%,95%,68%,68%,60%,76%,77%,108%,[z],[z]
12-Feb-2022,Sat,93%,112%,104%,96%,68%,68%,89%,91%,72%,114%,[z],[z]
13-Feb-2022,Sun,92%,114%,110%,96%,68%,68%,88%,89%,77%,78%,[z],[z]
14-Feb-2022,Mon,90%,108%,104%,94%,68%,68%,59%,67%,73%,101%,[z],[z]
15-Feb-2022,Tue,88%,107%,103%,92%,68%,67%,59%,62%,72%,93%,[z],[z]
16-Feb-2022,Wed,86%,105%,102%,91%,62%,63%,61%,66%,67%,105%,[z],[z]
17-Feb-2022,Thu,91%,106%,100%,94%,62%,62%,64%,68%,72%,118%,[z],[z]
18-Feb-2022,Fri,69%,85%,87%,73%,56%,57%,42%,56%,44%,66%,[z],[note 10]
19-Feb-2022,Sat,92%,114%,104%,96%,54%,54%,80%,77%,65%,100%,[z],[z]
20-Feb-2022,Sun,89%,114%,108%,93%,53%,54%,77%,76%,69%,56%,[z],[z]
21-Feb-2022,Mon,87%,107%,102%,92%,52%,52%,58%,77%,63%,72%,[z],[z]
22-Feb-2022,Tue,89%,108%,103%,94%,53%,53%,65%,77%,71%,74%,[z],[z]
23-Feb-2022,Wed,90%,108%,103%,94%,59%,59%,67%,78%,68%,87%,[z],[z]
24-Feb-2022,Thu,88%,105%,101%,92%,56%,56%,69%,79%,66%,82%,[z],[z]
25-Feb-2022,Fri,94%,108%,101%,97%,63%,63%,68%,82%,72%,96%,[z],[z]
26-Feb-2022,Sat,98%,118%,109%,101%,66%,66%,86%,89%,78%,142%,[z],[z]
27-Feb-2022,Sun,103%,128%,118%,108%,68%,68%,89%,87%,86%,137%,[z],[z]
28-Feb-2022,Mon,91%,111%,106%,95%,70%,70%,59%,75%,77%,100%,[z],[z]
01-Mar-2022,Tue,90%,110%,105%,95%,69%,69%,4%,87%,83%,99%,[z],[z]
02-Mar-2022,Wed,89%,108%,105%,93%,65%,65%,53%,81%,76%,119%,[z],[z]
03-Mar-2022,Thu,89%,106%,105%,93%,69%,68%,4%,89%,80%,146%,[z],[z]
04-Mar-2022,Fri,93%,108%,103%,96%,64%,64%,55%,80%,79%,112%,[z],[z]
05-Mar-2022,Sat,96%,118%,109%,100%,64%,63%,74%,81%,80%,138%,[z],[z]
06-Mar-2022,Sun,100%,124%,117%,104%,64%,63%,79%,88%,88%,134%,[z],[z]
07-Mar-2022,Mon,91%,112%,107%,96%,64%,64%,58%,75%,80%,114%,[z],[z]
08-Mar-2022,Tue,90%,110%,105%,95%,64%,64%,63%,76%,84%,107%,[z],[z]
09-Mar-2022,Wed,89%,108%,105%,94%,67%,66%,63%,77%,78%,135%,[z],[z]
10-Mar-2022,Thu,90%,107%,104%,94%,68%,67%,63%,77%,81%,147%,[z],[z]
11-Mar-2022,Fri,91%,107%,103%,94%,72%,71%,60%,76%,78%,102%,[z],[z]
12-Mar-2022,Sat,95%,115%,108%,98%,72%,72%,79%,85%,80%,173%,[z],[z]
13-Mar-2022,Sun,97%,122%,117%,101%,72%,72%,80%,84%,86%,117%,[z],[z]
14-Mar-2022,Mon,91%,110%,107%,95%,72%,72%,58%,76%,81%,132%,[z],[z]
15-Mar-2022,Tue,89%,108%,105%,94%,72%,72%,63%,80%,84%,126%,[z],[z]
16-Mar-2022,Wed,88%,107%,105%,93%,68%,68%,64%,76%,76%,93%,[z],[z]
17-Mar-2022,Thu,90%,106%,103%,94%,68%,68%,66%,80%,83%,144%,[z],[z]
18-Mar-2022,Fri,93%,107%,103%,97%,68%,68%,62%,79%,80%,149%,[z],[z]
19-Mar-2022,Sat,99%,118%,111%,103%,69%,69%,82%,87%,82%,165%,[z],[z]
20-Mar-2022,Sun,102%,126%,120%,107%,69%,69%,78%,84%,90%,157%,[z],[z]
21-Mar-2022,Mon,91%,110%,107%,96%,69%,69%,59%,76%,80%,130%,[z],[z]
22-Mar-2022,Tue,90%,109%,106%,95%,68%,69%,64%,78%,84%,127%,[z],[z]
23-Mar-2022,Wed,90%,108%,107%,95%,70%,70%,65%,81%,80%,162%,[z],[z]
24-Mar-2022,Thu,91%,107%,106%,95%,70%,70%,66%,79%,82%,175%,[z],[z]
25-Mar-2022,Fri,95%,108%,105%,99%,73%,73%,63%,81%,81%,141%,[z],[z]
26-Mar-2022,Sat,103%,123%,110%,107%,73%,72%,76%,89%,85%,190%,[z],[z]
27-Mar-2022,Sun,109%,130%,116%,113%,72%,72%,72%,81%,87%,148%,[z],[z]
28-Mar-2022,Mon,92%,110%,108%,97%,72%,72%,59%,74%,78%,124%,[z],[z]
29-Mar-2022,Tue,89%,109%,106%,94%,72%,72%,65%,75%,81%,99%,[z],[z]
30-Mar-2022,Wed,89%,108%,106%,93%,71%,71%,64%,77%,76%,110%,[z],[z]
31-Mar-2022,Thu,89%,107%,105%,93%,71%,71%,64%,76%,77%,111%,[z],[z]
01-Apr-2022,Fri,92%,107%,103%,96%,62%,63%,60%,76%,78%,90%,[z],[z]
02-Apr-2022,Sat,96%,115%,110%,100%,62%,62%,74%,75%,79%,124%,[z],[z]
03-Apr-2022,Sun,98%,120%,120%,102%,62%,62%,87%,83%,87%,128%,[z],[z]
04-Apr-2022,Mon,89%,108%,106%,93%,62%,62%,58%,64%,71%,84%,[z],[z]
05-Apr-2022,Tue,88%,107%,105%,92%,61%,62%,63%,68%,76%,92%,[z],[z]
06-Apr-2022,Wed,88%,107%,106%,92%,65%,65%,64%,66%,71%,97%,[z],[z]
07-Apr-2022,Thu,88%,104%,104%,92%,65%,65%,66%,68%,72%,101%,[z],[z]
08-Apr-2022,Fri,92%,107%,103%,96%,70%,70%,61%,68%,73%,109%,[z],[z]
09-Apr-2022,Sat,97%,116%,109%,100%,71%,71%,83%,83%,79%,147%,[z],[z]
10-Apr-2022,Sun,100%,123%,121%,105%,71%,71%,81%,87%,88%,157%,[z],[z]
11-Apr-2022,Mon,91%,109%,107%,95%,71%,71%,61%,75%,65%,106%,[z],[z]
12-Apr-2022,Tue,87%,106%,105%,92%,72%,72%,65%,76%,65%,86%,[z],[z]
13-Apr-2022,Wed,90%,108%,106%,95%,72%,72%,66%,75%,65%,125%,[z],[z]
14-Apr-2022,Thu,96%,109%,103%,99%,73%,73%,66%,81%,70%,145%,[z],[z]
15-Apr-2022,Fri (BH),84%,78%,51%,81%,76%,76%,78%,87%,[x],130%,[z],[note 8]
16-Apr-2022,Sat,98%,110%,86%,100%,77%,77%,78%,85%,[x],171%,[z],"[notes 8, 9]"
17-Apr-2022,Sun,96%,110%,84%,99%,77%,77%,81%,87%,[x],161%,[z],"[notes 8, 9]"
18-Apr-2022,Mon (BH),85%,75%,40%,81%,81%,81%,79%,86%,[x],120%,[z],[note 8]
19-Apr-2022,Tue,92%,109%,100%,96%,85%,85%,59%,88%,73%,110%,[z],[z]
20-Apr-2022,Wed,92%,109%,104%,96%,78%,78%,66%,92%,72%,165%,[z],[z]
21-Apr-2022,Thu,92%,107%,104%,96%,74%,74%,68%,89%,73%,174%,[z],[z]
22-Apr-2022,Fri,94%,108%,104%,97%,74%,74%,65%,89%,71%,115%,[z],[z]
23-Apr-2022,Sat,100%,119%,113%,103%,74%,74%,81%,88%,79%,156%,[z],[z]
24-Apr-2022,Sun,105%,130%,123%,110%,74%,74%,78%,85%,88%,173%,[z],[z]
25-Apr-2022,Mon,94%,114%,108%,99%,73%,73%,60%,91%,80%,127%,[z],[z]
26-Apr-2022,Tue,93%,113%,107%,98%,70%,70%,72%,85%,85%,136%,[z],[z]
27-Apr-2022,Wed,93%,112%,107%,98%,77%,77%,70%,82%,80%,137%,[z],[z]
28-Apr-2022,Thu,94%,111%,106%,98%,77%,77%,70%,81%,83%,162%,[z],[z]
29-Apr-2022,Fri,99%,114%,106%,102%,71%,71%,64%,81%,83%,130%,[z],[z]
30-Apr-2022,Sat,102%,122%,111%,106%,72%,72%,82%,87%,86%,196%,[z],[z]
01-May-2022,Sun,100%,123%,107%,104%,72%,72%,83%,86%,97%,117%,[z],[z]
02-May-2022,Mon (BH),83%,76%,43%,80%,74%,74%,90%,92%,[x],127%,[z],[note 8]
03-May-2022,Tue,94%,115%,105%,99%,74%,75%,63%,76%,85%,116%,[z],[z]
04-May-2022,Wed,93%,113%,108%,98%,72%,73%,68%,79%,80%,129%,[z],[z]
05-May-2022,Thu,94%,111%,107%,99%,75%,76%,68%,81%,84%,176%,[z],[z]
06-May-2022,Fri,96%,111%,105%,100%,80%,81%,65%,81%,82%,122%,[z],[z]
07-May-2022,Sat,100%,120%,112%,104%,79%,80%,87%,87%,84%,182%,[z],[z]
08-May-2022,Sun,106%,132%,125%,112%,78%,80%,90%,88%,96%,206%,[z],[z]
09-May-2022,Mon,95%,114%,109%,100%,74%,76%,64%,79%,82%,139%,[z],[note 16]
10-May-2022,Tue,93%,113%,107%,98%,74%,75%,71%,80%,85%,121%,[z],[note 16]
11-May-2022,Wed,92%,112%,106%,97%,76%,77%,70%,80%,79%,110%,[z],[z]
12-May-2022,Thu,93%,110%,105%,98%,70%,72%,72%,82%,84%,165%,[z],[note 16]
13-May-2022,Fri,96%,112%,105%,100%,70%,72%,66%,81%,82%,121%,[z],[note 16]
14-May-2022,Sat,100%,118%,109%,104%,71%,72%,92%,89%,84%,210%,[z],[note 16]
15-May-2022,Sun,104%,130%,125%,109%,71%,73%,87%,81%,90%,128%,[z],[note 16]
16-May-2022,Mon,94%,114%,107%,99%,72%,73%,65%,78%,79%,108%,[z],[note 16]
17-May-2022,Tue,93%,112%,106%,98%,73%,75%,71%,81%,86%,131%,[z],[note 16]
18-May-2022,Wed,93%,112%,107%,98%,69%,70%,71%,81%,81%,154%,[z],[z]
19-May-2022,Thu,94%,110%,105%,98%,75%,77%,74%,80%,83%,176%,[z],[z]
20-May-2022,Fri,96%,112%,103%,100%,76%,77%,68%,81%,81%,104%,[z],[z]
21-May-2022,Sat,101%,120%,111%,105%,76%,77%,89%,89%,84%,189%,[z],[z]
22-May-2022,Sun,106%,131%,125%,111%,77%,78%,96%,92%,95%,192%,[z],[z]
23-May-2022,Mon,95%,115%,107%,100%,77%,78%,66%,78%,81%,139%,[z],[z]
24-May-2022,Tue,93%,113%,106%,98%,77%,78%,72%,80%,85%,116%,[z],[z]
25-May-2022,Wed,94%,113%,106%,98%,78%,79%,73%,81%,80%,214%,[z],[z]
26-May-2022,Thu,94%,111%,105%,98%,79%,79%,76%,82%,82%,149%,[z],[z]
27-May-2022,Fri,98%,112%,103%,102%,77%,77%,74%,83%,82%,133%,[z],[z]
28-May-2022,Sat,104%,123%,113%,107%,77%,77%,93%,88%,84%,200%,[z],[z]
29-May-2022,Sun,105%,129%,127%,110%,77%,77%,102%,87%,94%,151%,[z],[z]
30-May-2022,Mon,94%,109%,105%,97%,[x],[x],65%,70%,67%,99%,[z],[note 15]
31-May-2022,Tue,92%,108%,105%,96%,77%,77%,68%,70%,72%,85%,[z],[note 16]
01-Jun-2022,Wed,99%,113%,103%,102%,82%,80%,72%,74%,73%,129%,[z],[note 16]
02-Jun-2022,Thu (BH),85%,78%,49%,82%,[x],[x],119%,103%,[x],169%,[z],"[notes 8, 15]"
03-Jun-2022,Fri (BH),78%,70%,39%,75%,[x],[x],110%,104%,[x],116%,[z],"[notes 8, 15]"
04-Jun-2022,Sat,96%,108%,88%,98%,83%,79%,74%,76%,75%,150%,[z],[note 16]
05-Jun-2022,Sun,99%,122%,120%,104%,82%,77%,79%,76%,87%,84%,[z],[note 16]
06-Jun-2022,Mon,93%,110%,104%,97%,80%,75%,16%,89%,75%,121%,[z],[note 16]
07-Jun-2022,Tue,93%,111%,105%,97%,81%,76%,61%,86%,83%,140%,[z],[note 16]
08-Jun-2022,Wed,92%,111%,105%,96%,75%,71%,70%,83%,77%,139%,[z],[note 16]
09-Jun-2022,Thu,93%,109%,105%,97%,77%,72%,70%,82%,81%,163%,[z],[note 16]
10-Jun-2022,Fri,96%,111%,104%,100%,77%,73%,67%,84%,80%,135%,[z],[z]
11-Jun-2022,Sat,101%,121%,112%,105%,79%,75%,81%,90%,82%,195%,[z],[z]
12-Jun-2022,Sun,107%,133%,127%,112%,80%,76%,88%,88%,93%,182%,[z],[z]
13-Jun-2022,Mon,96%,115%,109%,100%,81%,76%,66%,86%,80%,149%,[z],[z]
14-Jun-2022,Tue,94%,113%,107%,99%,82%,77%,70%,80%,83%,154%,[z],[z]
15-Jun-2022,Wed,94%,112%,107%,99%,81%,77%,71%,82%,79%,189%,[z],[z]
16-Jun-2022,Thu,94%,110%,107%,99%,82%,77%,72%,83%,81%,209%,[z],[z]
17-Jun-2022,Fri,98%,111%,104%,101%,82%,77%,67%,79%,78%,159%,[z],[z]
18-Jun-2022,Sat,101%,119%,110%,104%,82%,78%,91%,82%,81%,160%,[z],[z]
19-Jun-2022,Sun,110%,133%,124%,114%,82%,77%,93%,87%,92%,158%,[z],[z]
20-Jun-2022,Mon,96%,115%,109%,101%,80%,75%,66%,81%,80%,172%,[z],[z]
21-Jun-2022,Tue,94%,114%,107%,99%,70%,66%,4%,90%,83%,169%,[z],[z]
22-Jun-2022,Wed,94%,113%,106%,99%,66%,62%,49%,82%,78%,199%,[z],[z]
23-Jun-2022,Thu,94%,111%,105%,99%,57%,53%,43%,81%,81%,197%,[z],[z]
24-Jun-2022,Fri,98%,112%,103%,101%,52%,49%,64%,82%,77%,134%,[z],[z]
25-Jun-2022,Sat,104%,123%,112%,107%,45%,42%,72%,90%,85%,188%,[z],[z]
26-Jun-2022,Sun,108%,135%,129%,113%,45%,42%,85%,90%,94%,167%,[z],[z]
27-Jun-2022,Mon,95%,114%,108%,100%,47%,43%,68%,79%,75%,136%,[z],[z]
28-Jun-2022,Tue,93%,112%,106%,98%,56%,52%,74%,82%,80%,130%,[z],[z]
29-Jun-2022,Wed,93%,112%,106%,98%,63%,58%,76%,81%,76%,150%,[z],[z]
30-Jun-2022,Thu,94%,111%,104%,98%,72%,67%,78%,81%,77%,163%,[z],[z]
01-Jul-2022,Fri,97%,112%,102%,100%,79%,73%,75%,81%,75%,124%,[z],[z]
02-Jul-2022,Sat,99%,120%,108%,103%,86%,81%,95%,84%,83%,170%,[z],[z]
03-Jul-2022,Sun,105%,133%,125%,111%,87%,81%,85%,87%,96%,191%,[z],[z]
04-Jul-2022,Mon,95%,114%,108%,100%,86%,81%,67%,80%,77%,172%,[z],[z]
05-Jul-2022,Tue,92%,110%,104%,97%,86%,80%,71%,80%,81%,143%,[z],[z]
06-Jul-2022,Wed,92%,111%,104%,97%,82%,77%,73%,80%,76%,162%,[z],[z]
07-Jul-2022,Thu,93%,110%,102%,98%,81%,76%,73%,80%,78%,187%,[z],[z]
08-Jul-2022,Fri,96%,111%,101%,100%,80%,75%,67%,80%,77%,157%,[z],[z]
09-Jul-2022,Sat,101%,120%,108%,105%,80%,76%,82%,86%,85%,208%,[z],[z]
10-Jul-2022,Sun,108%,136%,124%,114%,81%,76%,84%,87%,101%,215%,[z],[z]
11-Jul-2022,Mon,96%,115%,105%,101%,80%,76%,65%,76%,74%,178%,[z],[z]
12-Jul-2022,Tue,93%,113%,104%,98%,80%,76%,70%,76%,77%,145%,[z],[z]
13-Jul-2022,Wed,93%,112%,105%,98%,79%,74%,69%,78%,74%,195%,[z],[z]
14-Jul-2022,Thu,94%,111%,104%,98%,79%,75%,71%,81%,76%,205%,[z],[z]
15-Jul-2022,Fri,98%,112%,102%,101%,79%,74%,67%,80%,76%,141%,[z],[z]
16-Jul-2022,Sat,102%,122%,111%,106%,79%,74%,80%,88%,84%,219%,[z],[z]
17-Jul-2022,Sun,106%,131%,123%,112%,78%,73%,76%,88%,96%,190%,[z],[z]
18-Jul-2022,Mon,91%,111%,103%,96%,75%,70%,49%,67%,64%,143%,[z],[note 10]
19-Jul-2022,Tue,85%,104%,98%,90%,70%,66%,45%,63%,62%,110%,[z],[note 10]
20-Jul-2022,Wed,94%,113%,102%,98%,70%,66%,68%,78%,68%,157%,[z],[z]
21-Jul-2022,Thu,94%,111%,102%,98%,70%,66%,71%,79%,70%,176%,[z],[z]
22-Jul-2022,Fri,96%,111%,100%,99%,69%,64%,67%,78%,66%,122%,[z],[z]
23-Jul-2022,Sat,100%,119%,110%,104%,69%,64%,86%,87%,78%,193%,[z],[z]
24-Jul-2022,Sun,104%,130%,123%,109%,69%,64%,83%,86%,87%,167%,[z],[z]
25-Jul-2022,Mon,94%,113%,103%,98%,71%,67%,66%,77%,64%,117%,[z],[z]
26-Jul-2022,Tue,92%,109%,102%,96%,76%,71%,74%,79%,69%,127%,[z],[z]
27-Jul-2022,Wed,93%,110%,103%,97%,73%,68%,59%,86%,66%,155%,[z],[z]
28-Jul-2022,Thu,92%,108%,102%,96%,73%,68%,80%,89%,66%,166%,[z],[z]
29-Jul-2022,Fri,95%,108%,99%,99%,76%,71%,73%,85%,66%,131%,[z],[z]
30-Jul-2022,Sat,102%,122%,110%,106%,73%,68%,89%,97%,78%,157%,[z],[z]
31-Jul-2022,Sun,106%,134%,126%,111%,74%,69%,86%,88%,87%,160%,[z],[z]
01-Aug-2022,Mon,95%,111%,103%,99%,74%,69%,66%,79%,64%,149%,[z],[z]
02-Aug-2022,Tue,90%,105%,100%,94%,76%,70%,72%,84%,65%,111%,[z],[z]
03-Aug-2022,Wed,91%,106%,101%,95%,81%,76%,72%,81%,64%,156%,[z],[z]
04-Aug-2022,Thu,93%,105%,100%,96%,81%,76%,74%,82%,66%,182%,[z],[z]
05-Aug-2022,Fri,96%,108%,98%,99%,81%,76%,69%,84%,64%,130%,[z],[z]
06-Aug-2022,Sat,103%,120%,111%,107%,84%,79%,87%,90%,78%,194%,[z],[z]
07-Aug-2022,Sun,110%,133%,127%,115%,83%,78%,80%,94%,90%,189%,[z],[z]
08-Aug-2022,Mon,95%,111%,102%,99%,83%,78%,67%,81%,64%,142%,[z],[z]
09-Aug-2022,Tue,92%,107%,101%,96%,83%,78%,71%,81%,67%,141%,[z],[z]
10-Aug-2022,Wed,94%,109%,101%,98%,80%,75%,72%,81%,63%,167%,[z],[z]
11-Aug-2022,Thu,93%,107%,99%,97%,79%,75%,71%,79%,63%,172%,[z],[z]
12-Aug-2022,Fri,96%,109%,97%,99%,81%,76%,64%,71%,61%,128%,[z],[z]
13-Aug-2022,Sat,103%,121%,108%,107%,78%,73%,83%,89%,74%,195%,[z],[z]
14-Aug-2022,Sun,109%,134%,123%,115%,78%,73%,85%,84%,88%,178%,[z],[z]
15-Aug-2022,Mon,95%,111%,102%,98%,77%,72%,67%,82%,62%,125%,[z],[z]
16-Aug-2022,Tue,90%,106%,100%,94%,76%,71%,74%,79%,65%,97%,[z],[z]
17-Aug-2022,Wed,91%,107%,100%,95%,79%,73%,77%,85%,63%,125%,[z],[z]
18-Aug-2022,Thu,93%,106%,99%,96%,71%,66%,57%,84%,71%,164%,[z],[z]
19-Aug-2022,Fri,97%,109%,98%,99%,63%,58%,7%,90%,69%,136%,[z],[z]
20-Aug-2022,Sat,104%,121%,109%,107%,59%,55%,66%,89%,84%,176%,[z],[z]
21-Aug-2022,Sun,108%,131%,122%,113%,59%,55%,87%,91%,95%,191%,[z],[z]
22-Aug-2022,Mon,93%,110%,102%,97%,60%,55%,67%,81%,67%,113%,[z],[z]
23-Aug-2022,Tue,92%,107%,101%,96%,60%,56%,72%,82%,72%,126%,[z],[z]
24-Aug-2022,Wed,93%,109%,101%,97%,63%,59%,73%,83%,68%,139%,[z],[z]
25-Aug-2022,Thu,94%,108%,101%,97%,71%,66%,71%,78%,69%,143%,[z],[z]
26-Aug-2022,Fri,97%,108%,98%,100%,78%,73%,71%,84%,71%,129%,[z],[z]
27-Aug-2022,Sat,101%,117%,106%,105%,86%,80%,96%,91%,85%,191%,[z],[z]
28-Aug-2022,Sun,106%,128%,109%,110%,86%,80%,90%,85%,102%,194%,[z],[z]
29-Aug-2022,Mon (BH),87%,80%,45%,84%,90%,84%,89%,86%,[x],140%,[z],[note 8]
30-Aug-2022,Tue,94%,110%,101%,97%,90%,84%,75%,85%,74%,123%,[z],[z]
31-Aug-2022,Wed,94%,109%,104%,98%,85%,80%,76%,84%,71%,147%,[z],[z]
01-Sep-2022,Thu,93%,108%,102%,97%,88%,82%,75%,83%,73%,177%,[z],[z]
02-Sep-2022,Fri,95%,108%,102%,98%,88%,82%,71%,84%,72%,138%,[z],[z]
03-Sep-2022,Sat,100%,122%,111%,104%,88%,82%,94%,92%,83%,178%,[z],[z]
04-Sep-2022,Sun,104%,133%,125%,110%,88%,82%,87%,89%,93%,172%,[z],[z]
05-Sep-2022,Mon,93%,113%,105%,98%,85%,80%,69%,87%,74%,130%,[z],[z]
06-Sep-2022,Tue,91%,110%,104%,95%,85%,79%,75%,87%,80%,103%,[z],[z]
07-Sep-2022,Wed,92%,110%,103%,96%,85%,79%,80%,84%,81%,135%,[z],[z]
08-Sep-2022,Thu,92%,109%,102%,96%,83%,78%,78%,82%,82%,124%,[z],[z]
09-Sep-2022,Fri,95%,110%,101%,98%,82%,77%,72%,83%,80%,111%,[z],[z]
10-Sep-2022,Sat,99%,120%,110%,103%,82%,77%,92%,88%,82%,174%,[z],[z]
11-Sep-2022,Sun,104%,133%,125%,109%,83%,77%,95%,89%,94%,197%,[z],[z]
12-Sep-2022,Mon,95%,115%,105%,99%,83%,77%,70%,84%,85%,128%,[z],[z]
13-Sep-2022,Tue,93%,113%,104%,98%,83%,78%,76%,83%,90%,126%,[z],[z]
14-Sep-2022,Wed,93%,112%,105%,98%,82%,77%,79%,83%,85%,153%,[z],[z]
15-Sep-2022,Thu,94%,111%,105%,98%,82%,77%,74%,83%,87%,168%,[z],[z]
16-Sep-2022,Fri,98%,113%,104%,102%,79%,75%,75%,83%,85%,129%,[z],[z]
17-Sep-2022,Sat,105%,128%,113%,109%,80%,75%,92%,87%,87%,175%,[z],[z]
18-Sep-2022,Sun,107%,135%,112%,112%,80%,75%,101%,90%,102%,153%,[z],[z]
19-Sep-2022,Mon,55%,52%,30%,54%,[x],[x],63%,55%,17%,106%,[z],"[notes 14, 15]"
20-Sep-2022,Tue,94%,114%,102%,99%,81%,76%,73%,84%,93%,124%,[z],[note 16]
21-Sep-2022,Wed,92%,111%,107%,97%,86%,80%,76%,83%,88%,156%,[z],[note 16]
22-Sep-2022,Thu,93%,110%,105%,97%,86%,81%,78%,85%,88%,155%,[z],[note 16]
23-Sep-2022,Fri,97%,112%,104%,100%,90%,84%,72%,83%,86%,123%,[z],[note 16]
24-Sep-2022,Sat,102%,125%,116%,107%,89%,83%,96%,89%,87%,172%,[z],[note 16]
25-Sep-2022,Sun,105%,134%,128%,111%,88%,82%,90%,94%,99%,163%,[z],[note 16]
26-Sep-2022,Mon,93%,113%,105%,98%,86%,80%,72%,82%,86%,107%,[z],[z]
27-Sep-2022,Tue,92%,113%,105%,97%,86%,80%,75%,85%,93%,99%,[z],[z]
28-Sep-2022,Wed,91%,110%,105%,96%,82%,77%,77%,85%,89%,139%,[z],[z]
29-Sep-2022,Thu,92%,109%,103%,96%,82%,77%,78%,85%,91%,153%,[z],[z]
30-Sep-2022,Fri,94%,110%,100%,98%,82%,77%,74%,83%,81%,86%,[z],[z]
01-Oct-2022,Sat,104%,126%,108%,108%,75%,70%,88%,99%,93%,156%,[z],[z]
02-Oct-2022,Sun,105%,131%,121%,110%,76%,70%,95%,93%,99%,157%,[z],[z]
03-Oct-2022,Mon,94%,114%,106%,99%,76%,70%,74%,81%,91%,140%,[z],[z]
04-Oct-2022,Tue,92%,112%,103%,97%,75%,70%,78%,84%,93%,107%,[z],[z]
05-Oct-2022,Wed,92%,112%,103%,96%,69%,64%,63%,83%,85%,108%,[z],[z]
06-Oct-2022,Thu,93%,110%,103%,97%,69%,64%,78%,85%,91%,160%,[z],[z]
07-Oct-2022,Fri,95%,110%,102%,98%,69%,64%,76%,85%,85%,109%,[z],[z]
08-Oct-2022,Sat,104%,126%,109%,108%,69%,64%,85%,96%,95%,177%,[z],[z]
09-Oct-2022,Sun,104%,132%,120%,109%,69%,64%,100%,94%,99%,160%,[z],[z]
10-Oct-2022,Mon,94%,114%,105%,98%,69%,64%,71%,83%,90%,124%,[z],[z]
11-Oct-2022,Tue,93%,114%,105%,98%,70%,65%,77%,86%,94%,121%,[z],[z]
12-Oct-2022,Wed,92%,113%,106%,97%,74%,69%,79%,85%,89%,128%,[z],[z]
13-Oct-2022,Thu,92%,110%,103%,96%,75%,70%,77%,85%,92%,145%,[z],[z]
14-Oct-2022,Fri,94%,110%,101%,97%,73%,68%,73%,87%,88%,103%,[z],[z]
15-Oct-2022,Sat,99%,119%,107%,102%,79%,74%,100%,94%,87%,144%,[z],[z]
16-Oct-2022,Sun,104%,130%,123%,109%,79%,74%,92%,93%,101%,149%,[z],[z]
17-Oct-2022,Mon,92%,112%,104%,97%,79%,74%,70%,84%,88%,121%,[z],[z]
18-Oct-2022,Tue,92%,113%,103%,97%,78%,74%,76%,83%,94%,116%,[z],[z]
19-Oct-2022,Wed,91%,111%,104%,96%,83%,78%,77%,83%,86%,121%,[z],[z]
20-Oct-2022,Thu,90%,108%,100%,94%,82%,77%,79%,82%,83%,105%,[z],[z]
21-Oct-2022,Fri,94%,110%,100%,97%,86%,80%,73%,82%,[x],83%,[z],[note 11]
22-Oct-2022,Sat,101%,121%,111%,104%,85%,79%,90%,91%,[x],159%,[z],[note 11]
23-Oct-2022,Sun,99%,124%,120%,103%,85%,79%,88%,86%,[x],73%,[z],[note 11]
24-Oct-2022,Mon,91%,110%,102%,96%,85%,79%,74%,86%,75%,93%,[z],[z]
25-Oct-2022,Tue,91%,108%,102%,95%,85%,79%,79%,84%,80%,98%,[z],[z]
26-Oct-2022,Wed,91%,109%,102%,95%,82%,77%,81%,86%,75%,104%,[z],[z]
27-Oct-2022,Thu,91%,107%,101%,95%,83%,77%,83%,90%,76%,112%,[z],[z]
28-Oct-2022,Fri,94%,108%,99%,97%,83%,78%,77%,86%,76%,95%,[z],[z]
29-Oct-2022,Sat,101%,121%,109%,104%,84%,78%,99%,99%,86%,119%,[z],[z]
30-Oct-2022,Sun,105%,131%,120%,109%,84%,78%,87%,90%,98%,115%,[z],[z]
31-Oct-2022,Mon,93%,113%,105%,98%,84%,78%,71%,85%,89%,109%,[z],[z]
01-Nov-2022,Tue,92%,112%,103%,96%,84%,78%,77%,84%,91%,79%,[z],[z]
02-Nov-2022,Wed,91%,110%,103%,95%,83%,78%,78%,85%,86%,106%,[z],[z]
03-Nov-2022,Thu,92%,109%,101%,96%,82%,77%,76%,82%,89%,97%,[z],[z]
04-Nov-2022,Fri,95%,111%,101%,98%,80%,76%,73%,87%,89%,108%,[z],[z]
05-Nov-2022,Sat,99%,119%,108%,102%,75%,70%,85%,98%,86%,82%,[z],[z]
06-Nov-2022,Sun,98%,123%,117%,102%,75%,70%,87%,83%,94%,78%,[z],[z]
07-Nov-2022,Mon,93%,115%,106%,98%,71%,66%,65%,84%,90%,97%,[z],[z]
08-Nov-2022,Tue,92%,113%,104%,97%,71%,65%,78%,85%,94%,79%,[z],[z]
09-Nov-2022,Wed,93%,114%,106%,98%,69%,63%,75%,85%,90%,111%,[z],[z]
10-Nov-2022,Thu,93%,111%,103%,97%,69%,63%,10%,95%,92%,120%,[z],[z]
11-Nov-2022,Fri,94%,111%,103%,98%,67%,61%,70%,90%,91%,105%,[z],[z]
12-Nov-2022,Sat,100%,121%,111%,104%,74%,67%,99%,98%,93%,131%,[z],[z]
13-Nov-2022,Sun,101%,126%,119%,105%,74%,68%,92%,93%,102%,130%,[z],[z]
14-Nov-2022,Mon,92%,114%,108%,97%,78%,72%,73%,84%,92%,101%,[z],[z]
15-Nov-2022,Tue,91%,111%,106%,96%,79%,73%,78%,84%,88%,66%,[z],[z]
16-Nov-2022,Wed,91%,112%,106%,96%,85%,78%,80%,85%,90%,102%,[z],[z]
17-Nov-2022,Thu,90%,110%,103%,95%,87%,79%,80%,85%,87%,87%,[z],[z]
18-Nov-2022,Fri,94%,111%,104%,98%,91%,83%,77%,87%,89%,94%,[z],[z]
19-Nov-2022,Sat,98%,118%,112%,101%,91%,83%,105%,92%,90%,100%,[z],[z]
20-Nov-2022,Sun,99%,125%,121%,103%,90%,82%,99%,92%,100%,99%,[z],[z]
21-Nov-2022,Mon,90%,111%,107%,95%,89%,81%,73%,81%,84%,63%,[z],[z]
22-Nov-2022,Tue,92%,113%,106%,97%,89%,81%,80%,83%,94%,78%,[z],[z]
23-Nov-2022,Wed,91%,112%,107%,96%,85%,78%,79%,84%,85%,79%,[z],[z]
24-Nov-2022,Thu,91%,111%,105%,96%,84%,77%,80%,85%,88%,85%,[z],[z]
25-Nov-2022,Fri,94%,110%,104%,98%,84%,77%,77%,84%,90%,93%,[z],[z]
26-Nov-2022,Sat,98%,120%,114%,102%,80%,73%,87%,92%,90%,103%,[z],[z]
27-Nov-2022,Sun,101%,128%,123%,105%,80%,73%,89%,91%,102%,100%,[z],[z]
28-Nov-2022,Mon,93%,115%,109%,98%,81%,73%,73%,83%,91%,93%,[z],[z]
29-Nov-2022,Tue,91%,112%,107%,96%,81%,73%,77%,84%,93%,83%,[z],[z]
30-Nov-2022,Wed,93%,112%,108%,97%,82%,74%,78%,84%,87%,104%,[z],[z]
01-Dec-2022,Thu,92%,111%,105%,96%,82%,74%,80%,82%,91%,98%,[z],[z]
02-Dec-2022,Fri,94%,111%,105%,98%,81%,74%,76%,81%,89%,84%,[z],[z]
03-Dec-2022,Sat,98%,121%,114%,102%,85%,77%,96%,88%,91%,101%,[z],[z]
04-Dec-2022,Sun,100%,126%,123%,104%,84%,77%,94%,90%,99%,78%,[z],[z]
05-Dec-2022,Mon,93%,113%,107%,97%,84%,77%,74%,82%,89%,79%,[z],[z]
06-Dec-2022,Tue,92%,113%,107%,97%,84%,77%,81%,85%,93%,71%,[z],[z]
07-Dec-2022,Wed,92%,114%,107%,97%,83%,76%,82%,85%,88%,87%,[z],[z]
08-Dec-2022,Thu,91%,112%,106%,96%,83%,76%,82%,84%,89%,76%,[z],[z]
09-Dec-2022,Fri,92%,110%,103%,96%,79%,72%,78%,81%,86%,61%,[z],[z]
10-Dec-2022,Sat,92%,115%,111%,95%,78%,71%,92%,85%,84%,65%,[z],[note 10]
11-Dec-2022,Sun,91%,119%,120%,96%,79%,72%,92%,86%,95%,45%,[z],[note 10]
12-Dec-2022,Mon,86%,110%,104%,91%,75%,68%,61%,77%,81%,52%,[z],[note 10]
13-Dec-2022,Tue,90%,113%,104%,95%,67%,61%,58%,84%,87%,48%,[z],[note 13]
14-Dec-2022,Wed,90%,113%,103%,95%,62%,55%,59%,84%,83%,54%,[z],[note 13]
15-Dec-2022,Thu,91%,111%,101%,95%,58%,51%,73%,84%,84%,62%,[z],[z]
16-Dec-2022,Fri,92%,110%,98%,96%,52%,45%,63%,82%,81%,48%,[z],[note 13]
17-Dec-2022,Sat,96%,118%,112%,100%,45%,39%,75%,88%,83%,58%,[z],[note 13]
18-Dec-2022,Sun,92%,115%,120%,96%,43%,36%,76%,83%,87%,31%,[z],[z]
19-Dec-2022,Mon,93%,111%,102%,96%,45%,38%,69%,72%,71%,48%,[z],[z]
20-Dec-2022,Tue,93%,110%,102%,96%,52%,45%,73%,76%,77%,68%,[z],[z]
21-Dec-2022,Wed,93%,108%,98%,96%,56%,50%,68%,73%,70%,65%,[z],[z]
22-Dec-2022,Thu,93%,103%,86%,94%,57%,51%,65%,73%,68%,61%,[z],[z]
23-Dec-2022,Fri,90%,91%,65%,89%,62%,55%,58%,73%,63%,38%,[z],[note 9]
24-Dec-2022,Sat,86%,93%,58%,86%,61%,55%,64%,79%,56%,85%,[z],"[notes 9, 13]"
25-Dec-2022,Sun,60%,60%,12%,59%,[x],[x],[x],[x],[x],33%,[z],"[notes 8, 9, 13, 15]"
26-Dec-2022,Mon (BH),65%,50%,12%,59%,[x],[x],94%,98%,[x],46%,[z],"[notes 8, 13, 15]"
27-Dec-2022,Tue (BH),74%,63%,27%,69%,[x],[x],72%,75%,[x],37%,[z],"[notes 8, 13, 15]"
28-Dec-2022,Wed,75%,72%,48%,73%,[x],[x],86%,88%,46%,42%,[z],"[notes 9, 15]"
29-Dec-2022,Thu,77%,73%,49%,74%,[x],[x],100%,100%,55%,73%,[z],"[notes 9, 15]"
30-Dec-2022,Fri,76%,72%,49%,73%,[x],[x],98%,100%,52%,45%,[z],"[notes 9, 15]"
31-Dec-2022,Sat,76%,84%,63%,77%,[x],[x],89%,82%,56%,51%,[z],"[notes 9, 15]"
01-Jan-2023,Sun,71%,80%,40%,72%,[x],[x],82%,98%,[x],65%,[z],"[notes 8, 9, 15]"
02-Jan-2023,Mon (BH),71%,62%,27%,67%,[x],[x],59%,68%,[x],78%,[z],"[notes 8, 15]"
03-Jan-2023,Tue,78%,89%,71%,80%,[x],[x],59%,74%,65%,49%,[z],"[notes 9, 15]"
04-Jan-2023,Wed,82%,97%,88%,85%,[x],[x],60%,81%,74%,87%,[z],"[notes 9, 15]"
05-Jan-2023,Thu,83%,98%,91%,86%,[x],[x],78%,111%,78%,99%,[z],"[notes 9, 15]"
06-Jan-2023,Fri,85%,100%,92%,88%,[x],[x],74%,110%,79%,86%,[z],"[notes 9, 15]"
07-Jan-2023,Sat,87%,106%,94%,90%,[x],[x],87%,95%,74%,64%,[z],"[notes 9, 15]"
08-Jan-2023,Sun,87%,111%,102%,91%,[x],[x],91%,90%,84%,78%,[z],"[notes 9, 15]"
09-Jan-2023,Mon,88%,109%,101%,93%,[x],[x],75%,90%,84%,86%,[z],[note 15]
10-Jan-2023,Tue,87%,109%,99%,92%,[x],[x],83%,84%,81%,54%,[z],[note 15]
11-Jan-2023,Wed,88%,108%,99%,92%,52%,47%,83%,87%,82%,86%,[z],[z]
12-Jan-2023,Thu,88%,106%,98%,92%,56%,51%,85%,84%,82%,79%,[z],[z]
13-Jan-2023,Fri,88%,105%,97%,92%,77%,70%,76%,86%,84%,77%,[z],[z]
14-Jan-2023,Sat,89%,109%,97%,92%,82%,75%,95%,89%,78%,67%,[z],[z]
15-Jan-2023,Sun,92%,117%,108%,96%,90%,83%,106%,94%,91%,90%,[z],[z]
16-Jan-2023,Mon,89%,110%,101%,93%,89%,82%,72%,82%,84%,78%,[z],[z]
17-Jan-2023,Tue,88%,110%,100%,93%,89%,81%,77%,85%,86%,69%,[z],[z]
18-Jan-2023,Wed,87%,110%,100%,92%,82%,75%,78%,84%,81%,82%,[z],[z]
19-Jan-2023,Thu,87%,108%,98%,92%,82%,75%,81%,83%,84%,97%,[z],[z]
20-Jan-2023,Fri,89%,108%,98%,93%,83%,75%,73%,84%,85%,73%,[z],[z]
21-Jan-2023,Sat,90%,112%,100%,93%,83%,76%,93%,90%,82%,82%,[z],[z]
22-Jan-2023,Sun,90%,115%,107%,94%,83%,75%,96%,90%,92%,71%,[z],[z]
23-Jan-2023,Mon,90%,112%,102%,95%,83%,76%,71%,84%,86%,83%,[z],[z]
24-Jan-2023,Tue,90%,112%,101%,95%,84%,76%,77%,84%,90%,74%,[z],[z]
25-Jan-2023,Wed,90%,111%,101%,95%,86%,78%,79%,83%,85%,86%,[z],[z]
26-Jan-2023,Thu,90%,109%,99%,94%,87%,79%,81%,84%,88%,99%,[z],[z]
27-Jan-2023,Fri,91%,108%,98%,94%,87%,79%,74%,85%,87%,82%,[z],[z]
28-Jan-2023,Sat,94%,115%,100%,98%,87%,79%,92%,92%,86%,97%,[z],[z]
29-Jan-2023,Sun,95%,121%,108%,99%,87%,79%,90%,92%,95%,97%,[z],[z]
30-Jan-2023,Mon,90%,112%,102%,95%,87%,79%,72%,85%,89%,96%,[z],[z]
31-Jan-2023,Tue,91%,111%,100%,95%,86%,78%,78%,84%,92%,87%,[z],[z]
01-Feb-2023,Wed,90%,111%,101%,94%,81%,73%,63%,77%,81%,97%,[z],[z]
02-Feb-2023,Thu,90%,109%,100%,94%,80%,72%,77%,71%,89%,96%,[z],[z]
03-Feb-2023,Fri,92%,108%,98%,95%,71%,64%,66%,85%,89%,94%,[z],[z]
04-Feb-2023,Sat,93%,114%,102%,97%,71%,64%,97%,92%,88%,101%,[z],[z]
05-Feb-2023,Sun,98%,122%,110%,102%,71%,64%,102%,97%,100%,100%,[z],[z]
06-Feb-2023,Mon,91%,112%,103%,95%,72%,65%,74%,84%,90%,88%,[z],[z]
07-Feb-2023,Tue,91%,111%,101%,95%,72%,66%,80%,84%,93%,78%,[z],[z]
08-Feb-2023,Wed,90%,111%,102%,95%,80%,74%,79%,84%,88%,99%,[z],[z]
09-Feb-2023,Thu,91%,109%,100%,95%,81%,74%,80%,84%,90%,98%,[z],[z]
10-Feb-2023,Fri,92%,109%,98%,95%,92%,84%,74%,83%,87%,91%,[z],[z]
11-Feb-2023,Sat,95%,115%,104%,98%,92%,84%,100%,87%,88%,97%,[z],[z]
12-Feb-2023,Sun,97%,122%,113%,101%,92%,84%,132%,115%,100%,93%,[z],[z]
13-Feb-2023,Mon,92%,113%,103%,97%,92%,84%,74%,84%,81%,99%,[z],[z]
14-Feb-2023,Tue,91%,110%,101%,95%,91%,83%,82%,89%,85%,88%,[z],[z]
15-Feb-2023,Wed,91%,110%,101%,95%,85%,78%,81%,87%,78%,98%,[z],[z]
16-Feb-2023,Thu,90%,107%,99%,94%,85%,78%,81%,87%,79%,98%,[z],[z]
17-Feb-2023,Fri,90%,106%,98%,94%,84%,77%,75%,85%,78%,76%,[z],[z]
18-Feb-2023,Sat,96%,116%,103%,99%,84%,76%,107%,100%,86%,99%,[z],[z]
19-Feb-2023,Sun,101%,127%,112%,106%,83%,76%,107%,108%,99%,101%,[z],[z]
20-Feb-2023,Mon,92%,112%,103%,96%,84%,77%,74%,83%,84%,93%,[z],[z]
21-Feb-2023,Tue,92%,110%,101%,96%,85%,78%,80%,85%,90%,87%,[z],[z]
22-Feb-2023,Wed,91%,111%,102%,96%,94%,86%,82%,85%,84%,95%,[z],[z]
23-Feb-2023,Thu,92%,109%,100%,96%,88%,81%,85%,87%,87%,99%,[z],[z]
24-Feb-2023,Fri,93%,109%,99%,97%,89%,82%,79%,86%,86%,86%,[z],[z]
25-Feb-2023,Sat,97%,117%,104%,100%,90%,82%,110%,95%,88%,101%,[z],[z]
26-Feb-2023,Sun,100%,124%,115%,104%,90%,83%,114%,96%,99%,100%,[z],[z]
27-Feb-2023,Mon,93%,113%,104%,97%,89%,82%,76%,86%,89%,94%,[z],[z]
28-Feb-2023,Tue,92%,113%,101%,97%,89%,82%,81%,85%,92%,86%,[z],[z]
01-Mar-2023,Wed,92%,112%,102%,96%,84%,77%,81%,85%,87%,97%,[z],[z]
02-Mar-2023,Thu,92%,110%,101%,96%,89%,82%,81%,84%,90%,97%,[z],[z]
03-Mar-2023,Fri,93%,110%,100%,96%,84%,77%,74%,83%,90%,96%,[z],[z]
04-Mar-2023,Sat,97%,118%,102%,100%,85%,78%,94%,88%,89%,97%,[z],[z]
05-Mar-2023,Sun,99%,124%,112%,103%,85%,78%,95%,95%,100%,101%,[z],[z]
06-Mar-2023,Mon,92%,114%,104%,97%,85%,78%,72%,81%,89%,88%,[z],[z]
07-Mar-2023,Tue,91%,112%,102%,96%,84%,77%,79%,81%,93%,88%,[z],[z]
08-Mar-2023,Wed,86%,108%,100%,91%,86%,79%,78%,80%,83%,80%,[z],[note 10]
09-Mar-2023,Thu,82%,102%,96%,87%,86%,78%,77%,81%,80%,72%,[z],[note 10]
10-Mar-2023,Fri,83%,100%,90%,86%,90%,82%,72%,82%,75%,66%,[z],[note 10]
11-Mar-2023,Sat,92%,113%,99%,95%,89%,81%,94%,91%,86%,94%,[z],[note 10]
12-Mar-2023,Sun,97%,124%,112%,102%,89%,81%,93%,95%,101%,96%,[z],[z]
13-Mar-2023,Mon,92%,114%,103%,97%,89%,81%,73%,81%,87%,74%,[z],[z]
14-Mar-2023,Tue,92%,114%,103%,97%,89%,81%,82%,88%,94%,87%,[z],[z]
15-Mar-2023,Wed,91%,113%,103%,96%,81%,75%,9%,89%,84%,98%,[z],[z]
16-Mar-2023,Thu,93%,111%,101%,97%,76%,70%,56%,84%,86%,97%,[z],[z]
17-Mar-2023,Fri,96%,111%,101%,99%,76%,70%,74%,85%,91%,98%,[z],[z]
18-Mar-2023,Sat,102%,123%,105%,106%,72%,65%,87%,97%,92%,98%,[z],[z]
19-Mar-2023,Sun,112%,135%,114%,116%,72%,65%,94%,94%,102%,101%,[z],[z]
20-Mar-2023,Mon,94%,115%,105%,98%,73%,66%,74%,83%,89%,99%,[z],[z]
21-Mar-2023,Tue,93%,114%,103%,98%,73%,66%,80%,85%,95%,94%,[z],[z]
22-Mar-2023,Wed,93%,113%,103%,97%,77%,69%,80%,89%,90%,99%,[z],[z]
23-Mar-2023,Thu,93%,111%,102%,97%,83%,75%,82%,85%,91%,99%,[z],[z]
24-Mar-2023,Fri,95%,111%,101%,98%,84%,76%,74%,83%,90%,98%,[z],[z]
25-Mar-2023,Sat,99%,120%,106%,102%,88%,80%,84%,92%,90%,99%,[z],[z]
26-Mar-2023,Sun,99%,124%,118%,103%,88%,81%,84%,84%,97%,99%,[z],[z]
27-Mar-2023,Mon,95%,116%,106%,100%,88%,80%,73%,82%,89%,99%,[z],[z]
28-Mar-2023,Tue,92%,113%,104%,97%,88%,80%,80%,81%,89%,91%,[z],[z]
29-Mar-2023,Wed,93%,113%,105%,97%,88%,81%,79%,83%,87%,98%,[z],[z]
30-Mar-2023,Thu,94%,112%,104%,98%,87%,80%,74%,83%,90%,99%,[z],[z]
31-Mar-2023,Fri,95%,111%,100%,98%,82%,74%,70%,81%,85%,79%,[z],[z]
01-Apr-2023,Sat,99%,119%,111%,102%,81%,73%,89%,83%,88%,98%,[z],[z]
02-Apr-2023,Sun,104%,129%,125%,109%,81%,74%,107%,93%,101%,127%,[z],[z]
03-Apr-2023,Mon,94%,114%,106%,99%,81%,73%,73%,74%,75%,106%,[z],[z]
04-Apr-2023,Tue,94%,113%,106%,99%,80%,73%,82%,78%,79%,110%,[z],[z]
05-Apr-2023,Wed,92%,111%,106%,97%,83%,75%,80%,75%,71%,98%,[z],[z]
06-Apr-2023,Thu,97%,113%,103%,101%,84%,76%,79%,87%,77%,103%,[z],[z]
07-Apr-2023,Fri (BH),87%,81%,51%,84%,93%,85%,94%,93%,[x],112%,[z],[note 8]
08-Apr-2023,Sat,99%,112%,86%,101%,94%,86%,94%,91%,87%,[x],[z],[note 9]
09-Apr-2023,Sun,96%,113%,86%,99%,93%,85%,92%,94%,83%,[x],[z],[note 9]
10-Apr-2023,Mon (BH),82%,74%,40%,78%,97%,90%,92%,85%,[x],[x],[z],[note 8]
11-Apr-2023,Tue,92%,110%,98%,95%,98%,90%,72%,83%,75%,[x],[z],[note 18]
12-Apr-2023,Wed,89%,108%,102%,93%,98%,91%,76%,79%,68%,[x],[z],[z]
13-Apr-2023,Thu,91%,107%,102%,95%,98%,91%,78%,85%,74%,[x],[z],[z]
14-Apr-2023,Fri,91%,108%,101%,95%,94%,87%,73%,83%,70%,[x],[z],[z]
15-Apr-2023,Sat,99%,121%,110%,103%,95%,87%,93%,92%,88%,[x],[z],[z]
16-Apr-2023,Sun,103%,132%,121%,109%,95%,87%,88%,91%,96%,[x],[z],[z]
17-Apr-2023,Mon,95%,117%,106%,100%,94%,86%,71%,95%,87%,[x],[z],[z]
18-Apr-2023,Tue,96%,118%,106%,101%,95%,87%,78%,100%,93%,[x],[z],[z]
19-Apr-2023,Wed,95%,117%,106%,100%,89%,81%,80%,100%,88%,[x],[z],[z]
20-Apr-2023,Thu,96%,115%,104%,101%,86%,79%,86%,98%,92%,[x],[z],[z]
21-Apr-2023,Fri,96%,114%,103%,100%,88%,80%,79%,93%,85%,[x],[z],[z]
22-Apr-2023,Sat,101%,123%,108%,105%,88%,81%,105%,94%,90%,[x],[z],[z]
23-Apr-2023,Sun,102%,133%,123%,107%,89%,81%,104%,91%,101%,[x],[z],[z]
24-Apr-2023,Mon,96%,119%,108%,101%,89%,81%,76%,98%,89%,[x],[z],[z]
25-Apr-2023,Tue,97%,119%,107%,102%,87%,79%,90%,92%,96%,[x],[z],[z]
26-Apr-2023,Wed,96%,119%,107%,101%,95%,87%,87%,89%,90%,[x],[z],[z]
27-Apr-2023,Thu,95%,116%,106%,100%,95%,87%,85%,83%,87%,[x],[z],[z]
28-Apr-2023,Fri,100%,117%,106%,103%,90%,82%,76%,87%,91%,[x],[z],[z]
29-Apr-2023,Sat,104%,125%,112%,108%,91%,83%,104%,97%,98%,[x],[z],[z]
30-Apr-2023,Sun,104%,131%,110%,109%,90%,82%,103%,97%,114%,[x],[z],[z]
01-May-2023,Mon (BH),83%,77%,43%,80%,93%,85%,110%,97%,[x],[x],[z],[note 8]
02-May-2023,Tue,96%,118%,104%,101%,94%,85%,76%,80%,91%,[x],[z],[z]
03-May-2023,Wed,97%,117%,107%,102%,91%,83%,78%,86%,92%,[x],[z],[z]
04-May-2023,Thu,97%,116%,107%,101%,95%,87%,78%,86%,93%,[x],[z],[z]
05-May-2023,Fri,99%,116%,107%,103%,100%,91%,75%,86%,90%,[x],[z],[note 19]
06-May-2023,Sat,87%,106%,107%,91%,97%,87%,91%,77%,77%,[x],[z],[note 19]
07-May-2023,Sun,103%,125%,110%,107%,97%,87%,111%,97%,119%,[x],[z],[note 19]
08-May-2023,Mon (BH),78%,72%,43%,75%,[x],[x],84%,88%,[x],[x],[z],"[notes 8, 15, 19]"
09-May-2023,Tue,96%,119%,105%,101%,92%,84%,79%,85%,95%,[x],[z],[note 16]
10-May-2023,Wed,96%,118%,108%,101%,93%,83%,80%,88%,89%,[x],[z],[note 16]
11-May-2023,Thu,96%,116%,107%,101%,87%,77%,82%,87%,91%,[x],[z],[note 16]
12-May-2023,Fri,99%,118%,107%,103%,81%,71%,68%,86%,91%,[x],[z],[note 16]
13-May-2023,Sat,104%,127%,116%,109%,80%,69%,98%,95%,96%,[x],[z],[note 16]
14-May-2023,Sun,107%,136%,129%,113%,81%,69%,104%,93%,106%,[x],[z],[note 16]
15-May-2023,Mon,97%,119%,109%,102%,79%,70%,75%,83%,90%,[x],[z],[z]
16-May-2023,Tue,96%,118%,107%,102%,80%,71%,83%,86%,94%,[x],[z],[z]
17-May-2023,Wed,97%,118%,108%,102%,77%,68%,82%,85%,89%,[x],[z],[z]
18-May-2023,Thu,97%,116%,108%,102%,81%,72%,86%,85%,91%,[x],[z],[z]
19-May-2023,Fri,99%,116%,105%,103%,87%,77%,80%,87%,89%,[x],[z],[z]
20-May-2023,Sat,105%,126%,115%,109%,90%,81%,103%,95%,96%,[x],[z],[z]
21-May-2023,Sun,110%,140%,132%,117%,91%,82%,102%,95%,110%,[x],[z],[z]
22-May-2023,Mon,99%,120%,110%,104%,90%,82%,76%,84%,89%,[x],[z],[z]
23-May-2023,Tue,97%,118%,107%,102%,90%,82%,82%,84%,93%,[x],[z],[z]
24-May-2023,Wed,98%,118%,108%,103%,91%,83%,82%,85%,89%,[x],[z],[z]
25-May-2023,Thu,99%,118%,107%,104%,91%,83%,85%,86%,91%,[x],[z],[z]
26-May-2023,Fri,104%,121%,106%,108%,88%,81%,79%,86%,90%,[x],[z],[z]
27-May-2023,Sat,108%,130%,117%,113%,88%,81%,103%,94%,97%,[x],[z],[z]
28-May-2023,Sun,111%,135%,118%,116%,89%,82%,114%,96%,121%,[x],[z],[z]
29-May-2023,Mon (BH),90%,84%,47%,87%,92%,84%,102%,96%,[x],[x],[z],[note 8]
30-May-2023,Tue,97%,115%,103%,101%,91%,84%,84%,86%,82%,[x],[z],[z]
31-May-2023,Wed,97%,114%,107%,101%,88%,80%,70%,88%,79%,[x],[z],[z]
01-Jun-2023,Thu,96%,111%,106%,100%,88%,80%,83%,86%,80%,[x],[z],[z]
02-Jun-2023,Fri,99%,112%,104%,102%,85%,77%,71%,88%,80%,[x],[z],[z]
03-Jun-2023,Sat,106%,124%,115%,109%,78%,69%,82%,93%,95%,[x],[z],[z]
04-Jun-2023,Sun,113%,140%,130%,119%,77%,68%,91%,96%,111%,[x],[z],[z]
05-Jun-2023,Mon,98%,118%,108%,103%,76%,67%,74%,84%,89%,[x],[z],[z]
06-Jun-2023,Tue,97%,118%,107%,102%,77%,68%,81%,88%,92%,[x],[z],[z]
07-Jun-2023,Wed,97%,117%,107%,102%,81%,72%,83%,88%,89%,[x],[z],[z]
08-Jun-2023,Thu,98%,116%,106%,102%,81%,72%,83%,85%,90%,[x],[z],[z]
09-Jun-2023,Fri,100%,116%,105%,104%,87%,78%,76%,88%,89%,[x],[z],[z]
10-Jun-2023,Sat,104%,124%,112%,108%,92%,84%,90%,95%,93%,[x],[z],[z]
11-Jun-2023,Sun,111%,139%,132%,116%,93%,84%,96%,92%,107%,[x],[z],[z]
12-Jun-2023,Mon,99%,121%,109%,104%,92%,84%,74%,88%,87%,[x],[z],[z]
13-Jun-2023,Tue,98%,118%,107%,103%,93%,84%,83%,85%,92%,[x],[z],[z]
14-Jun-2023,Wed,98%,118%,107%,102%,92%,83%,83%,86%,88%,[x],[z],[z]
15-Jun-2023,Thu,98%,116%,107%,103%,93%,84%,81%,87%,89%,[x],[z],[z]
16-Jun-2023,Fri,101%,117%,105%,105%,93%,84%,79%,85%,88%,[x],[z],[z]
17-Jun-2023,Sat,107%,127%,112%,111%,94%,85%,104%,90%,94%,[x],[z],[z]
18-Jun-2023,Sun,113%,139%,126%,118%,94%,85%,100%,93%,103%,[x],[z],[z]
19-Jun-2023,Mon,99%,120%,109%,104%,94%,85%,74%,84%,85%,[x],[z],[z]
20-Jun-2023,Tue,96%,118%,106%,101%,94%,85%,79%,85%,86%,[x],[z],[z]
21-Jun-2023,Wed,97%,118%,108%,102%,95%,86%,81%,85%,87%,[x],[z],[z]
22-Jun-2023,Thu,97%,116%,106%,102%,95%,85%,80%,83%,88%,[x],[z],[z]
23-Jun-2023,Fri,101%,117%,105%,105%,91%,82%,73%,85%,86%,[x],[z],[z]
24-Jun-2023,Sat,105%,126%,113%,109%,90%,82%,91%,89%,95%,[x],[z],[z]
25-Jun-2023,Sun,111%,142%,133%,118%,90%,81%,97%,94%,108%,[x],[z],[z]
26-Jun-2023,Mon,100%,121%,110%,105%,90%,82%,77%,84%,85%,[x],[z],[z]
27-Jun-2023,Tue,96%,118%,106%,101%,90%,82%,82%,85%,88%,[x],[z],[z]
28-Jun-2023,Wed,97%,118%,106%,102%,94%,85%,81%,83%,84%,[x],[z],[z]
29-Jun-2023,Thu,98%,116%,105%,102%,94%,85%,86%,84%,86%,[x],[z],[z]
30-Jun-2023,Fri,101%,117%,104%,104%,98%,89%,82%,85%,83%,[x],[z],[z]
01-Jul-2023,Sat,106%,127%,112%,110%,99%,89%,98%,90%,94%,[x],[z],[z]
02-Jul-2023,Sun,112%,141%,130%,118%,99%,89%,98%,94%,109%,[x],[z],[z]
03-Jul-2023,Mon,99%,120%,108%,104%,98%,89%,78%,85%,83%,[x],[z],[z]
04-Jul-2023,Tue,97%,117%,106%,101%,97%,88%,82%,84%,87%,[x],[z],[z]
05-Jul-2023,Wed,97%,118%,107%,102%,93%,84%,83%,82%,81%,[x],[z],[z]
06-Jul-2023,Thu,98%,117%,106%,103%,92%,83%,85%,86%,86%,[x],[z],[z]
07-Jul-2023,Fri,100%,116%,104%,104%,92%,83%,81%,82%,81%,[x],[z],[z]
08-Jul-2023,Sat,102%,122%,112%,105%,91%,82%,103%,86%,88%,[x],[z],[z]
09-Jul-2023,Sun,110%,139%,130%,115%,91%,82%,105%,91%,109%,[x],[z],[z]
10-Jul-2023,Mon,98%,119%,107%,103%,91%,82%,77%,83%,81%,[x],[z],[z]
11-Jul-2023,Tue,96%,117%,105%,101%,92%,82%,83%,84%,86%,[x],[z],[z]
12-Jul-2023,Wed,97%,117%,106%,101%,90%,81%,82%,85%,83%,[x],[z],[z]
13-Jul-2023,Thu,97%,115%,106%,101%,90%,81%,82%,86%,85%,[x],[z],[z]
14-Jul-2023,Fri,97%,114%,102%,101%,89%,80%,74%,82%,78%,[x],[z],[z]
15-Jul-2023,Sat,101%,123%,110%,105%,89%,80%,92%,92%,87%,[x],[z],[z]
16-Jul-2023,Sun,108%,137%,127%,113%,88%,79%,92%,97%,106%,[x],[z],[z]
17-Jul-2023,Mon,98%,117%,107%,103%,87%,78%,74%,84%,81%,[x],[z],[z]
18-Jul-2023,Tue,96%,116%,105%,101%,87%,78%,81%,85%,85%,[x],[z],[z]
19-Jul-2023,Wed,97%,116%,106%,102%,88%,78%,81%,85%,82%,[x],[z],[z]
20-Jul-2023,Thu,98%,116%,103%,102%,82%,73%,71%,87%,84%,[x],[z],[z]
21-Jul-2023,Fri,100%,115%,101%,103%,80%,71%,77%,86%,81%,[x],[z],[z]
22-Jul-2023,Sat,101%,121%,111%,104%,76%,68%,85%,91%,82%,[x],[z],[z]
23-Jul-2023,Sun,106%,133%,127%,111%,76%,67%,88%,94%,104%,[x],[z],[z]
24-Jul-2023,Mon,97%,116%,106%,101%,76%,68%,72%,82%,75%,[x],[z],[z]
25-Jul-2023,Tue,96%,116%,105%,101%,77%,68%,79%,86%,80%,[x],[z],[z]
26-Jul-2023,Wed,95%,114%,104%,99%,80%,71%,80%,89%,76%,[x],[z],[z]
27-Jul-2023,Thu,95%,113%,103%,99%,85%,77%,86%,90%,75%,[x],[z],[z]
28-Jul-2023,Fri,99%,113%,100%,102%,89%,80%,76%,89%,76%,[x],[z],[z]
29-Jul-2023,Sat,106%,124%,112%,110%,91%,82%,95%,102%,95%,[x],[z],[z]
30-Jul-2023,Sun,109%,136%,129%,114%,92%,82%,92%,95%,104%,[x],[z],[z]
31-Jul-2023,Mon,96%,115%,104%,100%,92%,82%,74%,84%,72%,[x],[z],[z]
01-Aug-2023,Tue,94%,112%,103%,99%,93%,83%,82%,91%,80%,[x],[z],[z]
02-Aug-2023,Wed,92%,109%,102%,96%,89%,80%,82%,83%,69%,[x],[z],[z]
03-Aug-2023,Thu,95%,109%,101%,98%,88%,79%,83%,88%,78%,[x],[z],[z]
04-Aug-2023,Fri,98%,111%,99%,101%,88%,78%,77%,87%,75%,[x],[z],[z]
05-Aug-2023,Sat,99%,118%,108%,102%,89%,80%,88%,87%,79%,[x],[z],[z]
06-Aug-2023,Sun,111%,136%,128%,116%,89%,80%,95%,103%,109%,[x],[z],[z]
07-Aug-2023,Mon,96%,113%,103%,100%,90%,81%,75%,87%,74%,[x],[z],[z]
08-Aug-2023,Tue,94%,111%,101%,98%,89%,80%,80%,84%,77%,[x],[z],[z]
09-Aug-2023,Wed,95%,111%,102%,99%,89%,80%,82%,90%,76%,[x],[z],[z]
10-Aug-2023,Thu,96%,110%,101%,100%,89%,80%,81%,87%,77%,[x],[z],[z]
11-Aug-2023,Fri,97%,110%,98%,100%,90%,81%,75%,88%,75%,[x],[z],[z]
12-Aug-2023,Sat,103%,120%,111%,106%,93%,84%,101%,95%,87%,[x],[z],[z]
13-Aug-2023,Sun,110%,135%,128%,115%,92%,83%,98%,93%,107%,[x],[z],[z]
14-Aug-2023,Mon,96%,114%,103%,100%,92%,83%,75%,88%,71%,[x],[z],[z]
15-Aug-2023,Tue,95%,112%,102%,99%,93%,84%,81%,87%,81%,[x],[z],[z]
16-Aug-2023,Wed,95%,112%,103%,99%,94%,85%,82%,94%,75%,[x],[z],[z]
17-Aug-2023,Thu,96%,111%,101%,100%,94%,85%,80%,85%,79%,[x],[z],[z]
18-Aug-2023,Fri,96%,109%,98%,99%,91%,83%,78%,88%,72%,[x],[z],[z]
19-Aug-2023,Sat,105%,123%,110%,108%,91%,82%,94%,94%,91%,[x],[z],[z]
20-Aug-2023,Sun,108%,134%,127%,113%,91%,82%,96%,99%,106%,[x],[z],[z]
21-Aug-2023,Mon,98%,115%,104%,102%,91%,83%,75%,86%,76%,[x],[z],[z]
22-Aug-2023,Tue,96%,112%,102%,99%,91%,82%,80%,87%,81%,[x],[z],[z]
23-Aug-2023,Wed,97%,114%,104%,101%,94%,85%,80%,87%,76%,[x],[z],[z]
24-Aug-2023,Thu,97%,112%,104%,101%,94%,85%,80%,86%,78%,[x],[z],[z]
25-Aug-2023,Fri,99%,110%,100%,101%,96%,87%,80%,88%,78%,[x],[z],[z]
26-Aug-2023,Sat,104%,121%,109%,107%,92%,83%,94%,95%,93%,[x],[z],[z]
27-Aug-2023,Sun,107%,129%,114%,112%,92%,83%,100%,98%,114%,[x],[z],[z]
28-Aug-2023,Mon (BH),91%,83%,47%,87%,95%,85%,99%,98%,[x],[x],[z],[note 8]
29-Aug-2023,Tue,96%,115%,102%,100%,95%,85%,83%,89%,81%,[x],[z],[z]
30-Aug-2023,Wed,95%,112%,105%,99%,89%,80%,82%,88%,78%,[x],[z],[z]
31-Aug-2023,Thu,94%,110%,104%,98%,91%,82%,82%,86%,78%,[x],[z],[z]
01-Sep-2023,Fri,98%,112%,102%,101%,84%,75%,69%,89%,80%,[x],[z],[z]
02-Sep-2023,Sat,107%,125%,114%,111%,84%,74%,88%,99%,97%,[x],[z],[z]
03-Sep-2023,Sun,112%,141%,129%,118%,84%,75%,95%,99%,111%,[x],[z],[z]
04-Sep-2023,Mon,98%,115%,105%,102%,83%,74%,77%,88%,83%,[x],[z],[z]
05-Sep-2023,Tue,95%,114%,105%,100%,84%,75%,82%,89%,89%,[x],[z],[z]
06-Sep-2023,Wed,96%,115%,106%,100%,85%,76%,84%,86%,87%,[x],[z],[z]
07-Sep-2023,Thu,95%,113%,105%,100%,84%,75%,83%,87%,90%,[x],[z],[z]
08-Sep-2023,Fri,99%,115%,104%,103%,91%,82%,76%,87%,88%,[x],[z],[note 24]
09-Sep-2023,Sat,106%,128%,110%,111%,95%,86%,92%,91%,91%,[x],[z],[note 24]
10-Sep-2023,Sun,110%,140%,130%,116%,95%,86%,93%,93%,108%,[x],[z],[note 24]
11-Sep-2023,Mon,97%,117%,107%,102%,94%,85%,76%,87%,92%,[x],[z],[note 24]
12-Sep-2023,Tue,95%,116%,105%,100%,94%,85%,81%,87%,95%,[x],[z],[z]
13-Sep-2023,Wed,96%,116%,106%,101%,93%,84%,83%,88%,93%,[x],[z],[z]
14-Sep-2023,Thu,96%,114%,105%,100%,93%,84%,84%,88%,94%,[x],[z],[z]
15-Sep-2023,Fri,100%,115%,103%,103%,90%,81%,77%,88%,92%,[x],[z],[z]
16-Sep-2023,Sat,105%,129%,114%,110%,90%,81%,93%,95%,94%,[x],[z],[z]
17-Sep-2023,Sun,106%,136%,129%,111%,90%,81%,85%,93%,107%,[x],[z],[z]
18-Sep-2023,Mon,96%,118%,107%,101%,90%,80%,74%,87%,93%,[x],[z],[z]
19-Sep-2023,Tue,94%,117%,105%,100%,89%,80%,80%,86%,95%,[x],[z],[z]
20-Sep-2023,Wed,93%,115%,105%,98%,93%,84%,82%,85%,89%,[x],[z],[z]
21-Sep-2023,Thu,95%,114%,104%,100%,93%,83%,84%,87%,97%,[x],[z],[z]
22-Sep-2023,Fri,98%,115%,103%,102%,96%,86%,76%,88%,92%,[x],[z],[z]
23-Sep-2023,Sat,104%,128%,113%,109%,95%,85%,100%,93%,98%,[x],[z],[z]
24-Sep-2023,Sun,105%,136%,127%,111%,95%,85%,100%,99%,109%,[x],[z],[z]
25-Sep-2023,Mon,98%,118%,107%,102%,95%,85%,76%,86%,93%,[x],[z],[z]
26-Sep-2023,Tue,94%,117%,105%,100%,95%,85%,83%,90%,98%,[x],[z],[z]
27-Sep-2023,Wed,93%,115%,105%,98%,92%,83%,84%,87%,91%,[x],[z],[z]
28-Sep-2023,Thu,94%,113%,104%,99%,92%,83%,84%,88%,96%,[x],[z],[z]
29-Sep-2023,Fri,98%,114%,103%,102%,92%,82%,79%,89%,95%,[x],[z],[z]
30-Sep-2023,Sat,105%,129%,112%,109%,88%,78%,91%,99%,95%,[x],[z],[z]
01-Oct-2023,Sun,107%,136%,124%,112%,88%,78%,106%,102%,106%,[x],[z],[z]
02-Oct-2023,Mon,95%,117%,107%,100%,88%,78%,79%,85%,92%,[x],[z],[z]
03-Oct-2023,Tue,95%,116%,105%,100%,87%,77%,85%,89%,97%,[x],[z],[z]
04-Oct-2023,Wed,95%,117%,105%,100%,80%,70%,60%,86%,92%,[x],[z],[z]
05-Oct-2023,Thu,94%,113%,103%,98%,80%,70%,82%,88%,93%,[x],[z],[z]
06-Oct-2023,Fri,97%,114%,103%,101%,80%,70%,73%,87%,91%,[x],[z],[z]
07-Oct-2023,Sat,102%,123%,109%,106%,84%,75%,97%,94%,96%,[x],[z],[z]
08-Oct-2023,Sun,107%,137%,125%,113%,84%,75%,104%,100%,112%,[x],[z],[z]
09-Oct-2023,Mon,96%,117%,107%,101%,84%,75%,76%,87%,96%,[x],[z],[z]
10-Oct-2023,Tue,95%,117%,106%,100%,85%,76%,83%,89%,100%,[x],[z],[z]
11-Oct-2023,Wed,93%,114%,106%,98%,89%,81%,83%,88%,92%,[x],[z],[z]
12-Oct-2023,Thu,94%,114%,104%,99%,90%,81%,83%,88%,97%,[x],[z],[z]
13-Oct-2023,Fri,95%,112%,101%,98%,86%,78%,76%,88%,91%,[x],[z],[z]
14-Oct-2023,Sat,102%,123%,109%,106%,87%,79%,98%,98%,92%,[x],[z],[z]
15-Oct-2023,Sun,106%,134%,123%,111%,88%,79%,96%,102%,107%,[x],[z],[z]
16-Oct-2023,Mon,96%,119%,106%,101%,87%,79%,75%,87%,90%,[x],[z],[z]
17-Oct-2023,Tue,95%,118%,105%,100%,87%,78%,83%,86%,95%,[x],[z],[z]
18-Oct-2023,Wed,93%,116%,104%,98%,92%,83%,81%,85%,87%,[x],[z],[z]
19-Oct-2023,Thu,93%,113%,103%,97%,92%,82%,82%,87%,87%,[x],[z],[z]
20-Oct-2023,Fri,92%,112%,98%,96%,95%,85%,75%,85%,76%,[x],[z],[z]
21-Oct-2023,Sat,98%,122%,107%,102%,92%,83%,93%,90%,88%,[x],[z],[z]
22-Oct-2023,Sun,107%,134%,121%,112%,92%,82%,101%,102%,112%,[x],[z],[z]
23-Oct-2023,Mon,96%,115%,104%,100%,92%,82%,77%,89%,85%,[x],[z],[z]
24-Oct-2023,Tue,93%,112%,102%,97%,92%,82%,83%,88%,87%,[x],[z],[z]
25-Oct-2023,Wed,94%,111%,102%,98%,88%,79%,84%,89%,84%,[x],[z],[z]
26-Oct-2023,Thu,93%,108%,101%,96%,89%,80%,84%,94%,84%,[x],[z],[z]
27-Oct-2023,Fri,96%,110%,99%,99%,91%,81%,79%,89%,84%,[x],[z],[z]
28-Oct-2023,Sat,101%,121%,108%,104%,93%,84%,103%,98%,89%,[x],[z],[z]
29-Oct-2023,Sun,105%,132%,118%,109%,93%,84%,85%,89%,103%,[x],[z],[z]
30-Oct-2023,Mon,94%,113%,103%,98%,93%,84%,75%,87%,85%,[x],[z],[z]
31-Oct-2023,Tue,94%,113%,101%,98%,94%,85%,82%,90%,91%,[x],[z],[z]
01-Nov-2023,Wed,92%,112%,101%,97%,94%,85%,83%,87%,82%,[x],[z],[z]
02-Nov-2023,Thu,86%,104%,95%,90%,93%,84%,82%,83%,77%,[x],[z],[note 10]
03-Nov-2023,Fri,94%,110%,98%,97%,93%,83%,78%,89%,85%,[x],[z],[z]
04-Nov-2023,Sat,96%,117%,106%,100%,92%,82%,98%,96%,84%,[x],[z],[z]
05-Nov-2023,Sun,103%,129%,120%,108%,92%,83%,93%,97%,108%,[x],[z],[z]
06-Nov-2023,Mon,95%,116%,105%,99%,92%,82%,77%,87%,91%,[x],[z],[z]
07-Nov-2023,Tue,94%,116%,102%,99%,92%,82%,84%,89%,96%,[x],[z],[z]
08-Nov-2023,Wed,93%,115%,103%,97%,90%,81%,84%,86%,87%,[x],[z],[z]
09-Nov-2023,Thu,93%,113%,102%,98%,91%,82%,85%,89%,92%,[x],[z],[z]
10-Nov-2023,Fri,95%,113%,101%,98%,87%,78%,78%,87%,90%,[x],[z],[z]
11-Nov-2023,Sat,100%,121%,107%,104%,88%,79%,94%,101%,92%,[x],[z],[z]
12-Nov-2023,Sun,99%,127%,116%,104%,88%,79%,91%,93%,100%,[x],[z],[z]
13-Nov-2023,Mon,92%,115%,104%,97%,88%,78%,75%,86%,88%,[x],[z],[z]
14-Nov-2023,Tue,92%,116%,104%,98%,87%,78%,82%,86%,93%,[x],[z],[z]
15-Nov-2023,Wed,94%,115%,104%,98%,92%,83%,84%,87%,91%,[x],[z],[z]
16-Nov-2023,Thu,93%,113%,103%,97%,92%,83%,82%,85%,91%,[x],[z],[z]
17-Nov-2023,Fri,95%,113%,101%,98%,98%,88%,82%,89%,92%,[x],[z],[z]
18-Nov-2023,Sat,97%,119%,109%,101%,97%,87%,103%,91%,88%,[x],[z],[z]
19-Nov-2023,Sun,100%,128%,118%,105%,95%,86%,104%,97%,104%,[x],[z],[z]
20-Nov-2023,Mon,94%,117%,106%,99%,95%,86%,78%,86%,92%,[x],[z],[z]
21-Nov-2023,Tue,93%,116%,106%,99%,95%,86%,85%,88%,96%,[x],[z],[z]
22-Nov-2023,Wed,94%,116%,105%,99%,91%,82%,84%,87%,90%,[x],[z],[z]
23-Nov-2023,Thu,94%,113%,103%,98%,92%,83%,86%,89%,92%,[x],[z],[z]
24-Nov-2023,Fri,96%,113%,102%,100%,92%,83%,83%,88%,91%,[x],[z],[z]
25-Nov-2023,Sat,100%,121%,114%,103%,92%,83%,103%,97%,93%,[x],[z],[z]
26-Nov-2023,Sun,102%,130%,123%,107%,93%,84%,101%,96%,103%,[x],[z],[z]
27-Nov-2023,Mon,93%,117%,106%,98%,93%,84%,78%,85%,88%,[x],[z],[z]
28-Nov-2023,Tue,94%,117%,105%,99%,93%,84%,84%,88%,97%,[x],[z],[z]
29-Nov-2023,Wed,93%,117%,106%,98%,94%,85%,84%,87%,89%,[x],[z],[z]
30-Nov-2023,Thu,93%,115%,103%,98%,93%,84%,85%,87%,90%,[x],[z],[z]
01-Dec-2023,Fri,94%,112%,100%,98%,92%,83%,80%,84%,88%,[x],[z],[z]
02-Dec-2023,Sat,94%,119%,111%,99%,90%,81%,98%,92%,91%,[x],[z],[note 10]
03-Dec-2023,Sun,94%,124%,119%,99%,89%,80%,98%,93%,102%,[x],[z],[note 10]
04-Dec-2023,Mon,92%,117%,105%,98%,89%,79%,80%,84%,88%,[x],[z],[z]
05-Dec-2023,Tue,94%,118%,105%,99%,88%,78%,85%,88%,97%,[x],[z],[z]
06-Dec-2023,Wed,94%,117%,104%,99%,84%,75%,82%,90%,93%,[x],[z],[z]
07-Dec-2023,Thu,93%,113%,102%,97%,84%,75%,87%,87%,89%,[x],[z],[z]
08-Dec-2023,Fri,96%,113%,102%,99%,80%,71%,84%,90%,94%,[x],[z],[z]
09-Dec-2023,Sat,97%,118%,108%,101%,81%,72%,99%,91%,89%,[x],[z],[z]
10-Dec-2023,Sun,100%,128%,116%,105%,84%,75%,103%,96%,108%,[x],[z],[z]
11-Dec-2023,Mon,96%,119%,105%,101%,85%,75%,79%,86%,94%,[x],[z],[z]
12-Dec-2023,Tue,95%,118%,104%,100%,86%,76%,84%,87%,94%,[x],[z],[z]
13-Dec-2023,Wed,96%,118%,104%,100%,93%,83%,84%,86%,91%,[x],[z],[z]
14-Dec-2023,Thu,95%,116%,102%,100%,94%,84%,87%,89%,93%,[x],[z],[z]
15-Dec-2023,Fri,97%,115%,100%,101%,101%,90%,80%,87%,91%,[x],[z],[z]
16-Dec-2023,Sat,102%,123%,108%,105%,102%,92%,98%,94%,95%,[x],[z],[z]
17-Dec-2023,Sun,103%,129%,118%,107%,100%,90%,102%,98%,108%,[x],[z],[z]
18-Dec-2023,Mon,97%,118%,103%,101%,99%,89%,76%,85%,85%,[x],[z],[z]
19-Dec-2023,Tue,95%,116%,102%,99%,98%,88%,78%,83%,85%,[x],[z],[z]
20-Dec-2023,Wed,97%,116%,101%,101%,93%,83%,76%,84%,81%,[x],[z],[z]
21-Dec-2023,Thu,94%,107%,89%,96%,91%,82%,75%,84%,77%,[x],[z],[z]
22-Dec-2023,Fri,95%,99%,73%,94%,89%,80%,71%,83%,77%,[x],[z],[z]
23-Dec-2023,Sat,101%,115%,86%,103%,87%,78%,87%,93%,85%,[x],[z],[z]
24-Dec-2023,Sun,94%,110%,59%,96%,83%,74%,69%,71%,83%,[x],[z],[z]
25-Dec-2023,Mon (BH),49%,35%,3%,43%,[x],[x],[x],[x],[x],[x],[z],[note 8]
26-Dec-2023,Tue (BH),68%,53%,13%,61%,[x],[x],109%,107%,[x],[x],[z],[note 8]
27-Dec-2023,Wed,76%,71%,43%,73%,[x],[x],91%,91%,44%,[x],[z],[z]
28-Dec-2023,Thu,77%,74%,48%,75%,[x],[x],102%,99%,54%,[x],[z],[z]
29-Dec-2023,Fri,79%,75%,49%,76%,[x],[x],107%,106%,60%,[x],[z],[z]
30-Dec-2023,Sat,85%,98%,79%,87%,[x],[x],100%,101%,70%,[x],[z],[z]
31-Dec-2023,Sun,83%,97%,64%,85%,[x],[x],91%,78%,87%,[x],[z],[z]
